-- MySQL dump 10.13  Distrib 8.0.17, for Win64 (x86_64)
--
-- Host: 10.82.4.99    Database: onerock_chirag_test_database
-- ------------------------------------------------------
-- Server version	5.7.34-0ubuntu0.18.04.1-log

/*!40101 SET @OLD_CHARACTER_SET_CLIENT=@@CHARACTER_SET_CLIENT */;
/*!40101 SET @OLD_CHARACTER_SET_RESULTS=@@CHARACTER_SET_RESULTS */;
/*!40101 SET @OLD_COLLATION_CONNECTION=@@COLLATION_CONNECTION */;
/*!50503 SET NAMES utf8 */;
/*!40103 SET @OLD_TIME_ZONE=@@TIME_ZONE */;
/*!40103 SET TIME_ZONE='+00:00' */;
/*!40014 SET @OLD_UNIQUE_CHECKS=@@UNIQUE_CHECKS, UNIQUE_CHECKS=0 */;
/*!40014 SET @OLD_FOREIGN_KEY_CHECKS=@@FOREIGN_KEY_CHECKS, FOREIGN_KEY_CHECKS=0 */;
/*!40101 SET @OLD_SQL_MODE=@@SQL_MODE, SQL_MODE='NO_AUTO_VALUE_ON_ZERO' */;
/*!40111 SET @OLD_SQL_NOTES=@@SQL_NOTES, SQL_NOTES=0 */;

--
-- Table structure for table `assessment_app_areadetails`
--

DROP TABLE IF EXISTS `assessment_app_areadetails`;
/*!40101 SET @saved_cs_client     = @@character_set_client */;
/*!50503 SET character_set_client = utf8mb4 */;
CREATE TABLE `assessment_app_areadetails` (
  `id` int(11) NOT NULL AUTO_INCREMENT,
  `area_name` varchar(500) NOT NULL,
  `description` varchar(2000) NOT NULL,
  `added_on` datetime(6) DEFAULT NULL,
  `modified_on` datetime(6) NOT NULL,
  `added_by_id` int(11) DEFAULT NULL,
  `modified_by_id` int(11) DEFAULT NULL,
  `plant_id` int(11) NOT NULL,
  `portco_id` int(11) NOT NULL,
  `is_delete` tinyint(1) NOT NULL,
  PRIMARY KEY (`id`),
  KEY `assessment_app_areadetails_added_by_id_2377d6ab_fk_auth_user_id` (`added_by_id`),
  KEY `assessment_app_aread_modified_by_id_0589cd34_fk_auth_user` (`modified_by_id`),
  KEY `assessment_app_aread_plant_id_a0da6df3_fk_assessmen` (`plant_id`),
  KEY `assessment_app_aread_portco_id_1cafa457_fk_assessmen` (`portco_id`),
  CONSTRAINT `assessment_app_aread_modified_by_id_0589cd34_fk_auth_user` FOREIGN KEY (`modified_by_id`) REFERENCES `auth_user` (`id`),
  CONSTRAINT `assessment_app_aread_plant_id_a0da6df3_fk_assessmen` FOREIGN KEY (`plant_id`) REFERENCES `assessment_app_plantmaster` (`id`),
  CONSTRAINT `assessment_app_aread_portco_id_1cafa457_fk_assessmen` FOREIGN KEY (`portco_id`) REFERENCES `assessment_app_porfoliocompanymaster` (`id`),
  CONSTRAINT `assessment_app_areadetails_added_by_id_2377d6ab_fk_auth_user_id` FOREIGN KEY (`added_by_id`) REFERENCES `auth_user` (`id`)
) ENGINE=InnoDB AUTO_INCREMENT=10 DEFAULT CHARSET=latin1;
/*!40101 SET character_set_client = @saved_cs_client */;

--
-- Dumping data for table `assessment_app_areadetails`
--

LOCK TABLES `assessment_app_areadetails` WRITE;
/*!40000 ALTER TABLE `assessment_app_areadetails` DISABLE KEYS */;
INSERT INTO `assessment_app_areadetails` VALUES (1,'Area 1','Sample Area 1','2021-06-24 01:12:38.334624','2021-07-01 16:25:03.690984',2,11,1,1,1),(2,'Area 2','Sample 2','2021-06-24 01:16:05.305616','2021-06-24 01:32:53.479783',2,2,1,1,0),(3,'Area 3','Sample 3','2021-06-24 01:16:08.187678','2021-06-24 01:16:08.187678',2,2,1,1,0),(4,'Area 4','Sample 4','2021-06-24 01:39:13.202333','2021-06-24 01:39:13.202333',2,2,1,1,0),(5,'Area 5','Sample 5','2021-06-24 01:39:13.248223','2021-06-24 01:39:13.248223',2,2,1,1,0),(6,'Area 6','Sample 6','2021-06-24 11:10:59.375404','2021-07-01 16:26:13.455491',2,11,1,1,1),(7,'Area 7','Sample 7','2021-06-24 11:10:59.408707','2021-07-01 16:26:36.997759',2,11,1,1,1),(8,'Area 8','Sample 8','2021-06-24 11:10:59.449436','2021-06-24 13:01:46.303693',2,2,1,1,1),(9,'Area 10','Sample 1','2021-06-30 23:20:09.941869','2021-07-01 16:26:47.176354',2,11,1,1,1);
/*!40000 ALTER TABLE `assessment_app_areadetails` ENABLE KEYS */;
UNLOCK TABLES;

--
-- Table structure for table `assessment_app_arearatings`
--

DROP TABLE IF EXISTS `assessment_app_arearatings`;
/*!40101 SET @saved_cs_client     = @@character_set_client */;
/*!50503 SET character_set_client = utf8mb4 */;
CREATE TABLE `assessment_app_arearatings` (
  `id` int(11) NOT NULL AUTO_INCREMENT,
  `description` varchar(2000) DEFAULT NULL,
  `date_of_assessment_started` date NOT NULL,
  `added_on` datetime(6) DEFAULT NULL,
  `modified_on` datetime(6) NOT NULL,
  `added_by_id` int(11) DEFAULT NULL,
  `area_id` int(11) NOT NULL,
  `els_category_id` int(11) NOT NULL,
  `modified_by_id` int(11) DEFAULT NULL,
  `plant_id` int(11) NOT NULL,
  `portco_id` int(11) NOT NULL,
  `score_id` int(11) NOT NULL,
  PRIMARY KEY (`id`),
  KEY `assessment_app_arearatings_added_by_id_275a602a_fk_auth_user_id` (`added_by_id`),
  KEY `assessment_app_arear_area_id_fcd3277a_fk_assessmen` (`area_id`),
  KEY `assessment_app_arear_els_category_id_3291a11c_fk_assessmen` (`els_category_id`),
  KEY `assessment_app_arear_modified_by_id_26224aff_fk_auth_user` (`modified_by_id`),
  KEY `assessment_app_arear_plant_id_11193db4_fk_assessmen` (`plant_id`),
  KEY `assessment_app_arear_portco_id_c1eb2e49_fk_assessmen` (`portco_id`),
  KEY `assessment_app_arear_score_id_193d13d1_fk_assessmen` (`score_id`),
  CONSTRAINT `assessment_app_arear_area_id_fcd3277a_fk_assessmen` FOREIGN KEY (`area_id`) REFERENCES `assessment_app_areadetails` (`id`),
  CONSTRAINT `assessment_app_arear_els_category_id_3291a11c_fk_assessmen` FOREIGN KEY (`els_category_id`) REFERENCES `assessment_app_elscategorymaster` (`id`),
  CONSTRAINT `assessment_app_arear_modified_by_id_26224aff_fk_auth_user` FOREIGN KEY (`modified_by_id`) REFERENCES `auth_user` (`id`),
  CONSTRAINT `assessment_app_arear_plant_id_11193db4_fk_assessmen` FOREIGN KEY (`plant_id`) REFERENCES `assessment_app_plantmaster` (`id`),
  CONSTRAINT `assessment_app_arear_portco_id_c1eb2e49_fk_assessmen` FOREIGN KEY (`portco_id`) REFERENCES `assessment_app_porfoliocompanymaster` (`id`),
  CONSTRAINT `assessment_app_arear_score_id_193d13d1_fk_assessmen` FOREIGN KEY (`score_id`) REFERENCES `assessment_app_elscategoryratingmaster` (`id`),
  CONSTRAINT `assessment_app_arearatings_added_by_id_275a602a_fk_auth_user_id` FOREIGN KEY (`added_by_id`) REFERENCES `auth_user` (`id`)
) ENGINE=InnoDB AUTO_INCREMENT=6 DEFAULT CHARSET=latin1;
/*!40101 SET character_set_client = @saved_cs_client */;

--
-- Dumping data for table `assessment_app_arearatings`
--

LOCK TABLES `assessment_app_arearatings` WRITE;
/*!40000 ALTER TABLE `assessment_app_arearatings` DISABLE KEYS */;
INSERT INTO `assessment_app_arearatings` VALUES (1,'10th Comment1','2021-06-10','2021-06-30 15:31:26.854300','2021-06-30 16:17:59.689030',2,1,1,2,1,1,4),(2,'10th Comment1','2021-06-10','2021-06-30 16:18:00.222627','2021-06-30 16:18:00.222627',2,1,2,2,1,1,7),(3,'10th Comment1','2021-06-10','2021-06-30 16:19:03.204228','2021-06-30 23:18:38.348516',2,4,1,2,1,1,5),(4,'10th Comment1','2021-06-10','2021-06-30 16:19:03.300093','2021-06-30 23:18:38.465250',2,4,2,2,1,1,9),(5,'08th Comment','2021-06-08','2021-06-30 18:46:14.724642','2021-06-30 18:46:14.724642',2,4,1,2,1,1,2);
/*!40000 ALTER TABLE `assessment_app_arearatings` ENABLE KEYS */;
UNLOCK TABLES;

--
-- Table structure for table `assessment_app_countrystatemapping`
--

DROP TABLE IF EXISTS `assessment_app_countrystatemapping`;
/*!40101 SET @saved_cs_client     = @@character_set_client */;
/*!50503 SET character_set_client = utf8mb4 */;
CREATE TABLE `assessment_app_countrystatemapping` (
  `id` int(11) NOT NULL AUTO_INCREMENT,
  `state` varchar(500) NOT NULL,
  `country_id` int(11) NOT NULL,
  `region_id` int(11) NOT NULL,
  PRIMARY KEY (`id`),
  KEY `assessment_app_count_country_id_eecaad3e_fk_assessmen` (`country_id`),
  KEY `assessment_app_count_region_id_6b5a8136_fk_assessmen` (`region_id`),
  CONSTRAINT `assessment_app_count_country_id_eecaad3e_fk_assessmen` FOREIGN KEY (`country_id`) REFERENCES `assessment_app_regioncountrymapping` (`id`),
  CONSTRAINT `assessment_app_count_region_id_6b5a8136_fk_assessmen` FOREIGN KEY (`region_id`) REFERENCES `assessment_app_globalregionmaster` (`id`)
) ENGINE=InnoDB AUTO_INCREMENT=3522 DEFAULT CHARSET=latin1;
/*!40101 SET character_set_client = @saved_cs_client */;

--
-- Dumping data for table `assessment_app_countrystatemapping`
--

LOCK TABLES `assessment_app_countrystatemapping` WRITE;
/*!40000 ALTER TABLE `assessment_app_countrystatemapping` DISABLE KEYS */;
INSERT INTO `assessment_app_countrystatemapping` VALUES (1,'Badakhshan',1,1),(2,'Badghis',1,1),(3,'Baghlan',1,1),(4,'Balkh',1,1),(5,'Bamian',1,1),(6,'Daykondi',1,1),(7,'Farah',1,1),(8,'Faryab',1,1),(9,'Ghazni',1,1),(10,'Ghowr',1,1),(11,'Helmand',1,1),(12,'Herat',1,1),(13,'Jowzjan',1,1),(14,'Kabul',1,1),(15,'Kandahar',1,1),(16,'Kapisa',1,1),(17,'Khost',1,1),(18,'Konar',1,1),(19,'Kondoz',1,1),(20,'Laghman',1,1),(21,'Lowgar',1,1),(22,'Nangarhar',1,1),(23,'Nimruz',1,1),(24,'Nurestan',1,1),(25,'Oruzgan',1,1),(26,'Paktia',1,1),(27,'Paktika',1,1),(28,'Panjshir',1,1),(29,'Parvan',1,1),(30,'Samangan',1,1),(31,'Sar-e Pol',1,1),(32,'Takhar',1,1),(33,'Vardak',1,1),(34,'Zabol',1,1),(35,'Berat',3,1),(36,'Dibres',3,1),(37,'Durres',3,1),(38,'Elbasan',3,1),(39,'Fier',3,1),(40,'Gjirokastre',3,1),(41,'Korce',3,1),(42,'Kukes',3,1),(43,'Lezhe',3,1),(44,'Shkoder',3,1),(45,'Tirane',3,1),(46,'Vlore',3,1),(47,'Adrar',4,1),(48,'Ain Defla',4,1),(49,'Ain Temouchent',4,1),(50,'Alger',4,1),(51,'Annaba',4,1),(52,'Batna',4,1),(53,'Bechar',4,1),(54,'Bejaia',4,1),(55,'Biskra',4,1),(56,'Blida',4,1),(57,'Bordj Bou Arreridj',4,1),(58,'Bouira',4,1),(59,'Boumerdes',4,1),(60,'Chlef',4,1),(61,'Constantine',4,1),(62,'Djelfa',4,1),(63,'El Bayadh',4,1),(64,'El Oued',4,1),(65,'El Tarf',4,1),(66,'Ghardaia',4,1),(67,'Guelma',4,1),(68,'Illizi',4,1),(69,'Jijel',4,1),(70,'Khenchela',4,1),(71,'Laghouat',4,1),(72,'Muaskar',4,1),(73,'Medea',4,1),(74,'Mila',4,1),(75,'Mostaganem',4,1),(76,'MSila',4,1),(77,'Naama',4,1),(78,'Oran',4,1),(79,'Ouargla',4,1),(80,'Oum el Bouaghi',4,1),(81,'Relizane',4,1),(82,'Saida',4,1),(83,'Setif',4,1),(84,'Sidi Bel Abbes',4,1),(85,'Skikda',4,1),(86,'Souk Ahras',4,1),(87,'Tamanghasset',4,1),(88,'Tebessa',4,1),(89,'Tiaret',4,1),(90,'Tindouf',4,1),(91,'Tipaza',4,1),(92,'Tissemsilt',4,1),(93,'Tizi Ouzou',4,1),(94,'Tlemcen',4,1),(95,'Andorra la Vella',6,1),(96,'Canillo',6,1),(97,'Encamp',6,1),(98,'Escaldes-Engordany',6,1),(99,'La Massana',6,1),(100,'Ordino',6,1),(101,'Sant Julia de Loria',6,1),(102,'Bengo',7,1),(103,'Benguela',7,1),(104,'Bie',7,1),(105,'Cabinda',7,1),(106,'Cuando Cubango',7,1),(107,'Cuanza Norte',7,1),(108,'Cuanza Sul',7,1),(109,'Cunene',7,1),(110,'Huambo',7,1),(111,'Huila',7,1),(112,'Luanda',7,1),(113,'Lunda Norte',7,1),(114,'Lunda Sul',7,1),(115,'Malanje',7,1),(116,'Moxico',7,1),(117,'Namibe',7,1),(118,'Uige',7,1),(119,'Zaire',7,1),(120,'',9,2),(121,'Barbuda',10,3),(122,'Redonda',10,3),(123,'Saint George',10,3),(124,'Saint John',10,3),(125,'Saint Mary',10,3),(126,'Saint Paul',10,3),(127,'Saint Peter',10,3),(128,'Saint Philip',10,3),(129,'Buenos Aires',11,3),(130,'Buenos Aires Capital',11,3),(131,'Catamarca',11,3),(132,'Chaco',11,3),(133,'Chubut',11,3),(134,'Cordoba',11,3),(135,'Corrientes',11,3),(136,'Entre Rios',11,3),(137,'Formosa',11,3),(138,'Jujuy',11,3),(139,'La Pampa',11,3),(140,'La Rioja',11,3),(141,'Mendoza',11,3),(142,'Misiones',11,3),(143,'Neuquen',11,3),(144,'Rio Negro',11,3),(145,'Salta',11,3),(146,'San Juan',11,3),(147,'San Luis',11,3),(148,'Santa Cruz',11,3),(149,'Santa Fe',11,3),(150,'Santiago del Estero',11,3),(151,'Tierra del Fuego',11,3),(152,'Tucuman',11,3),(153,'Aragatsotn',12,1),(154,'Ararat',12,1),(155,'Armavir',12,1),(156,'Gegharkunik',12,1),(157,'Kotayk',12,1),(158,'Lorri',12,1),(159,'Shirak',12,1),(160,'Syunik',12,1),(161,'Tavush',12,1),(162,'Vayots Dzor',12,1),(163,'Yerevan',12,1),(164,'New South Wales',14,2),(165,'Queensland',14,2),(166,'South Australia',14,2),(167,'Tasmania',14,2),(168,'Western Australia',14,2),(169,'Victoria',14,2),(170,'Burgenland',15,1),(171,'Kaernten',15,1),(172,'Niederoesterreich',15,1),(173,'Oberoesterreich',15,1),(174,'Salzburg',15,1),(175,'Steiermark',15,1),(176,'Tirol',15,1),(177,'Vorarlberg',15,1),(178,'Wien',15,1),(179,'Abseron Rayonu',16,1),(180,'Agcabadi Rayonu',16,1),(181,'Agdam Rayonu',16,1),(182,'Agdas Rayonu',16,1),(183,'Agstafa Rayonu',16,1),(184,'Agsu Rayonu',16,1),(185,'Astara Rayonu',16,1),(186,'Balakan Rayonu',16,1),(187,'Barda Rayonu',16,1),(188,'Beylaqan Rayonu',16,1),(189,'Bilasuvar Rayonu',16,1),(190,'Cabrayil Rayonu',16,1),(191,'Calilabad Rayonu',16,1),(192,'Daskasan Rayonu',16,1),(193,'Davaci Rayonu',16,1),(194,'Fuzuli Rayonu',16,1),(195,'Gadabay Rayonu',16,1),(196,'Goranboy Rayonu',16,1),(197,'Goycay Rayonu',16,1),(198,'Haciqabul Rayonu',16,1),(199,'Imisli Rayonu',16,1),(200,'Ismayilli Rayonu',16,1),(201,'Kalbacar Rayonu',16,1),(202,'Kurdamir Rayonu',16,1),(203,'Lacin Rayonu',16,1),(204,'Lankaran Rayonu',16,1),(205,'Lerik Rayonu',16,1),(206,'Masalli Rayonu',16,1),(207,'Neftcala Rayonu',16,1),(208,'Oguz Rayonu',16,1),(209,'Qabala Rayonu',16,1),(210,'Qax Rayonu',16,1),(211,'Qazax Rayonu',16,1),(212,'Qobustan Rayonu',16,1),(213,'Quba Rayonu',16,1),(214,'Qubadli Rayonu',16,1),(215,'Qusar Rayonu',16,1),(216,'Saatli Rayonu',16,1),(217,'Sabirabad Rayonu',16,1),(218,'Saki Rayonu',16,1),(219,'Salyan Rayonu',16,1),(220,'Samaxi Rayonu',16,1),(221,'Samkir Rayonu',16,1),(222,'Samux Rayonu',16,1),(223,'Siyazan Rayonu',16,1),(224,'Susa Rayonu',16,1),(225,'Tartar Rayonu',16,1),(226,'Tovuz Rayonu',16,1),(227,'Ucar Rayonu',16,1),(228,'Xacmaz Rayonu',16,1),(229,'Xanlar Rayonu',16,1),(230,'Xizi Rayonu',16,1),(231,'Xocali Rayonu',16,1),(232,'Xocavand Rayonu',16,1),(233,'Yardimli Rayonu',16,1),(234,'Yevlax Rayonu',16,1),(235,'Zangilan Rayonu',16,1),(236,'Zaqatala Rayonu',16,1),(237,'Zardab Rayonu',16,1),(238,'Ali Bayramli Sahari',16,1),(239,'Baki Sahari',16,1),(240,'Ganca Sahari',16,1),(241,'Lankaran Sahari',16,1),(242,'Mingacevir Sahari',16,1),(243,'Naftalan Sahari',16,1),(244,'Saki Sahari',16,1),(245,'Sumqayit Sahari',16,1),(246,'Susa Sahari',16,1),(247,'Xankandi Sahari',16,1),(248,'Yevlax Sahari',16,1),(249,'Naxcivan Muxtar',16,1),(250,'Acklins and Crooked Islands',17,3),(251,'Bimini',17,3),(252,'Cat Island',17,3),(253,'Exuma',17,3),(254,'Freeport',17,3),(255,'Fresh Creek',17,3),(256,'Governors Harbour',17,3),(257,'Green Turtle Cay',17,3),(258,'Harbour Island',17,3),(259,'High Rock',17,3),(260,'Inagua',17,3),(261,'Kemps Bay',17,3),(262,'Long Island',17,3),(263,'Marsh Harbour',17,3),(264,'Mayaguana',17,3),(265,'New Providence',17,3),(266,'Nichollstown and Berry Islands',17,3),(267,'Ragged Island',17,3),(268,'Rock Sound',17,3),(269,'Sandy Point',17,3),(270,'San Salvador and Rum Cay',17,3),(271,'Al Hadd',18,1),(272,'Al Manamah',18,1),(273,'Al Mintaqah al Gharbiyah',18,1),(274,'Al Mintaqah al Wusta',18,1),(275,'Al Mintaqah ash Shamaliyah',18,1),(276,'Al Muharraq',18,1),(277,'Ar Rifa wa al Mintaqah al Janubiyah',18,1),(278,'Jidd Hafs',18,1),(279,'Madinat Hamad',18,1),(280,'Madinat Isa',18,1),(281,'Juzur Hawar',18,1),(282,'Sitrah',18,1),(283,'Barisal',19,2),(284,'Chittagong',19,2),(285,'Dhaka',19,2),(286,'Khulna',19,2),(287,'Rajshahi',19,2),(288,'Sylhet',19,2),(289,'Christ Church',20,3),(290,'Saint Andrew',20,3),(291,'Saint George',20,3),(292,'Saint James',20,3),(293,'Saint John',20,3),(294,'Saint Joseph',20,3),(295,'Saint Lucy',20,3),(296,'Saint Michael',20,3),(297,'Saint Peter',20,3),(298,'Saint Philip',20,3),(299,'Saint Thomas',20,3),(300,'Brest',21,1),(301,'Homyel',21,1),(302,'Horad Minsk',21,1),(303,'Hrodna',21,1),(304,'Mahilyow',21,1),(305,'Minsk',21,1),(306,'Vitsyebsk',21,1),(307,'Antwerpen',22,1),(308,'Brabant Wallon',22,1),(309,'Brussels',22,1),(310,'Flanders',22,1),(311,'Hainaut',22,1),(312,'Liege',22,1),(313,'Limburg',22,1),(314,'Luxembourg',22,1),(315,'Namur',22,1),(316,'Oost-Vlaanderen',22,1),(317,'Vlaams-Brabant',22,1),(318,'Wallonia',22,1),(319,'West-Vlaanderen',22,1),(320,'Belize',23,3),(321,'Cayo',23,3),(322,'Corozal',23,3),(323,'Orange Walk',23,3),(324,'Stann Creek',23,3),(325,'Toledo',23,3),(326,'Alibori',24,1),(327,'Atakora',24,1),(328,'Atlantique',24,1),(329,'Borgou',24,1),(330,'Collines',24,1),(331,'Donga',24,1),(332,'Kouffo',24,1),(333,'Littoral',24,1),(334,'Mono',24,1),(335,'Oueme',24,1),(336,'Plateau',24,1),(337,'Zou',24,1),(338,'Devonshire',25,3),(339,'Hamilton',25,3),(340,'Hamilton',25,3),(341,'Paget',25,3),(342,'Pembroke',25,3),(343,'Saint George',25,3),(344,'Saint Georges',25,3),(345,'Sandys',25,3),(346,'Smiths',25,3),(347,'Southampton',25,3),(348,'Warwick',25,3),(349,'Bumthang',26,2),(350,'Chukha',26,2),(351,'Dagana',26,2),(352,'Gasa',26,2),(353,'Haa',26,2),(354,'Lhuntse',26,2),(355,'Mongar',26,2),(356,'Paro',26,2),(357,'Pemagatshel',26,2),(358,'Punakha',26,2),(359,'Samdrup Jongkhar',26,2),(360,'Samtse',26,2),(361,'Sarpang',26,2),(362,'Thimphu',26,2),(363,'Trashigang',26,2),(364,'Trashiyangste',26,2),(365,'Trongsa',26,2),(366,'Tsirang',26,2),(367,'Wangdue Phodrang',26,2),(368,'Zhemgang',26,2),(369,'Chuquisaca',27,3),(370,'Cochabamba',27,3),(371,'Beni',27,3),(372,'La Paz',27,3),(373,'Oruro',27,3),(374,'Pando',27,3),(375,'Potosi',27,3),(376,'Santa Cruz',27,3),(377,'Tarija',27,3),(378,'Una-Sana [Federation]',29,1),(379,'Posavina [Federation]',29,1),(380,'Tuzla [Federation]',29,1),(381,'Zenica-Doboj [Federation]',29,1),(382,'Bosnian Podrinje [Federation]',29,1),(383,'Central Bosnia [Federation]',29,1),(384,'Herzegovina-Neretva [Federation]',29,1),(385,'West Herzegovina [Federation]',29,1),(386,'Sarajevo [Federation]',29,1),(387,'West Bosnia [Federation]',29,1),(388,'Banja Luka [RS]',29,1),(389,'Bijeljina [RS]',29,1),(390,'Doboj [RS]',29,1),(391,'Foa [RS]',29,1),(392,'Sarajevo-Romanija [RS]',29,1),(393,'Trebinje [RS]',29,1),(394,'Vlasenica [RS]',29,1),(395,'Central',30,1),(396,'Ghanzi',30,1),(397,'Kgalagadi',30,1),(398,'Kgatleng',30,1),(399,'Kweneng',30,1),(400,'North East',30,1),(401,'North West',30,1),(402,'South East',30,1),(403,'Southern',30,1),(404,'Acre',32,3),(405,'Alagoas',32,3),(406,'Amapa',32,3),(407,'Amazonas',32,3),(408,'Bahia',32,3),(409,'Ceara',32,3),(410,'Distrito Federal',32,3),(411,'Espirito Santo',32,3),(412,'Goias',32,3),(413,'Maranhao',32,3),(414,'Mato Grosso',32,3),(415,'Mato Grosso do Sul',32,3),(416,'Minas Gerais',32,3),(417,'Para',32,3),(418,'Paraiba',32,3),(419,'Parana',32,3),(420,'Pernambuco',32,3),(421,'Piaui',32,3),(422,'Rio de Janeiro',32,3),(423,'Rio Grande do Norte',32,3),(424,'Rio Grande do Sul',32,3),(425,'Rondonia',32,3),(426,'Roraima',32,3),(427,'Santa Catarina',32,3),(428,'Sao Paulo',32,3),(429,'Sergipe',32,3),(430,'Tocantins',32,3),(431,'Belait',34,2),(432,'Brunei and Muara',34,2),(433,'Temburong',34,2),(434,'Tutong',34,2),(435,'Blagoevgrad',35,1),(436,'Burgas',35,1),(437,'Dobrich',35,1),(438,'Gabrovo',35,1),(439,'Khaskovo',35,1),(440,'Kurdzhali',35,1),(441,'Kyustendil',35,1),(442,'Lovech',35,1),(443,'Montana',35,1),(444,'Pazardzhik',35,1),(445,'Pernik',35,1),(446,'Pleven',35,1),(447,'Plovdiv',35,1),(448,'Razgrad',35,1),(449,'Ruse',35,1),(450,'Shumen',35,1),(451,'Silistra',35,1),(452,'Sliven',35,1),(453,'Smolyan',35,1),(454,'Sofiya',35,1),(455,'Sofiya-Grad',35,1),(456,'Stara Zagora',35,1),(457,'Turgovishte',35,1),(458,'Varna',35,1),(459,'Veliko Turnovo',35,1),(460,'Vidin',35,1),(461,'Vratsa',35,1),(462,'Yambol',35,1),(463,'Bale',36,1),(464,'Bam',36,1),(465,'Banwa',36,1),(466,'Bazega',36,1),(467,'Bougouriba',36,1),(468,'Boulgou',36,1),(469,'Boulkiemde',36,1),(470,'Comoe',36,1),(471,'Ganzourgou',36,1),(472,'Gnagna',36,1),(473,'Gourma',36,1),(474,'Houet',36,1),(475,'Ioba',36,1),(476,'Kadiogo',36,1),(477,'Kenedougou',36,1),(478,'Komondjari',36,1),(479,'Kompienga',36,1),(480,'Kossi',36,1),(481,'Koulpelogo',36,1),(482,'Kouritenga',36,1),(483,'Kourweogo',36,1),(484,'Leraba',36,1),(485,'Loroum',36,1),(486,'Mouhoun',36,1),(487,'Namentenga',36,1),(488,'Nahouri',36,1),(489,'Nayala',36,1),(490,'Noumbiel',36,1),(491,'Oubritenga',36,1),(492,'Oudalan',36,1),(493,'Passore',36,1),(494,'Poni',36,1),(495,'Sanguie',36,1),(496,'Sanmatenga',36,1),(497,'Seno',36,1),(498,'Sissili',36,1),(499,'Soum',36,1),(500,'Sourou',36,1),(501,'Tapoa',36,1),(502,'Tuy',36,1),(503,'Yagha',36,1),(504,'Yatenga',36,1),(505,'Ziro',36,1),(506,'Zondoma',36,1),(507,'Zoundweogo',36,1),(508,'Ayeyarwady',153,2),(509,'Bago',153,2),(510,'Magway',153,2),(511,'Mandalay',153,2),(512,'Sagaing',153,2),(513,'Tanintharyi',153,2),(514,'Yangon',153,2),(515,'Chin State',153,2),(516,'Kachin State',153,2),(517,'Kayin State',153,2),(518,'Kayah State',153,2),(519,'Mon State',153,2),(520,'Rakhine State',153,2),(521,'Shan State',153,2),(522,'Bubanza',37,1),(523,'Bujumbura Mairie',37,1),(524,'Bujumbura Rural',37,1),(525,'Bururi',37,1),(526,'Cankuzo',37,1),(527,'Cibitoke',37,1),(528,'Gitega',37,1),(529,'Karuzi',37,1),(530,'Kayanza',37,1),(531,'Kirundo',37,1),(532,'Makamba',37,1),(533,'Muramvya',37,1),(534,'Muyinga',37,1),(535,'Mwaro',37,1),(536,'Ngozi',37,1),(537,'Rutana',37,1),(538,'Ruyigi',37,1),(539,'Banteay Mean Chey',38,2),(540,'Batdambang',38,2),(541,'Kampong Cham',38,2),(542,'Kampong Chhnang',38,2),(543,'Kampong Spoe',38,2),(544,'Kampong Thum',38,2),(545,'Kampot',38,2),(546,'Kandal',38,2),(547,'Koh Kong',38,2),(548,'Kracheh',38,2),(549,'Mondol Kiri',38,2),(550,'Otdar Mean Chey',38,2),(551,'Pouthisat',38,2),(552,'Preah Vihear',38,2),(553,'Prey Veng',38,2),(554,'Rotanakir',38,2),(555,'Siem Reab',38,2),(556,'Stoeng Treng',38,2),(557,'Svay Rieng',38,2),(558,'Takao',38,2),(559,'Keb',38,2),(560,'Pailin',38,2),(561,'Phnom Penh',38,2),(562,'Preah Seihanu',38,2),(563,'Adamaoua',39,1),(564,'Centre',39,1),(565,'Est',39,1),(566,'Extreme-Nord',39,1),(567,'Littoral',39,1),(568,'Nord',39,1),(569,'Nord-Ouest',39,1),(570,'Ouest',39,1),(571,'Sud',39,1),(572,'Sud-Ouest',39,1),(573,'Alberta',40,3),(574,'British Columbia',40,3),(575,'Manitoba',40,3),(576,'New Brunswick',40,3),(577,'Newfoundland and Labrador',40,3),(578,'Northwest Territories',40,3),(579,'Nova Scotia',40,3),(580,'Nunavut',40,3),(581,'Ontario',40,3),(582,'Prince Edward Island',40,3),(583,'Quebec',40,3),(584,'Saskatchewan',40,3),(585,'Yukon Territory',40,3),(586,'',41,1),(587,'Bamingui-Bangoran',43,1),(588,'Bangui',43,1),(589,'Basse-Kotto',43,1),(590,'Haute-Kotto',43,1),(591,'Haut-Mbomou',43,1),(592,'Kemo',43,1),(593,'Lobaye',43,1),(594,'Mambere-Kadei',43,1),(595,'Mbomou',43,1),(596,'Nana-Grebizi',43,1),(597,'Nana-Mambere',43,1),(598,'Ombella-Mpoko',43,1),(599,'Ouaka',43,1),(600,'Ouham',43,1),(601,'Ouham-Pende',43,1),(602,'Sangha-Mbaere',43,1),(603,'Vakaga',43,1),(604,'Batha',44,1),(605,'Biltine',44,1),(606,'Borkou-Ennedi-Tibesti',44,1),(607,'Chari-Baguirmi',44,1),(608,'Gura',44,1),(609,'Kanem',44,1),(610,'Lac',44,1),(611,'Logone Occidental',44,1),(612,'Logone Oriental',44,1),(613,'Mayo-Kebbi',44,1),(614,'Moyen-Chari',44,1),(615,'Ouadda',44,1),(616,'Salamat',44,1),(617,'Tandjile',44,1),(618,'Aysen',45,3),(619,'Antofagasta',45,3),(620,'Araucania',45,3),(621,'Atacama',45,3),(622,'Bio-Bio',45,3),(623,'Coquimbo',45,3),(624,'OHiggins',45,3),(625,'Los Lagos',45,3),(626,'Magallanes y la Antartica Chilena',45,3),(627,'Maule',45,3),(628,'Santiago Region Metropolitana',45,3),(629,'Tarapaca',45,3),(630,'Valparaiso',45,3),(631,'Anhui',46,2),(632,'Fujian',46,2),(633,'Gansu',46,2),(634,'Guangdong',46,2),(635,'Guizhou',46,2),(636,'Hainan',46,2),(637,'Hebei',46,2),(638,'Heilongjiang',46,2),(639,'Henan',46,2),(640,'Hubei',46,2),(641,'Hunan',46,2),(642,'Jiangsu',46,2),(643,'Jiangxi',46,2),(644,'Jilin',46,2),(645,'Liaoning',46,2),(646,'Qinghai',46,2),(647,'Shaanxi',46,2),(648,'Shandong',46,2),(649,'Shanxi',46,2),(650,'Sichuan',46,2),(651,'Yunnan',46,2),(652,'Zhejiang',46,2),(653,'Guangxi',46,2),(654,'Nei Mongol',46,2),(655,'Ningxia',46,2),(656,'Xinjiang',46,2),(657,'Xizang (Tibet)',46,2),(658,'Beijing',46,2),(659,'Chongqing',46,2),(660,'Shanghai',46,2),(661,'Tianjin',46,2),(662,'Amazonas',49,3),(663,'Antioquia',49,3),(664,'Arauca',49,3),(665,'Atlantico',49,3),(666,'Bogota District Capital',49,3),(667,'Bolivar',49,3),(668,'Boyaca',49,3),(669,'Caldas',49,3),(670,'Caqueta',49,3),(671,'Casanare',49,3),(672,'Cauca',49,3),(673,'Cesar',49,3),(674,'Choco',49,3),(675,'Cordoba',49,3),(676,'Cundinamarca',49,3),(677,'Guainia',49,3),(678,'Guaviare',49,3),(679,'Huila',49,3),(680,'La Guajira',49,3),(681,'Magdalena',49,3),(682,'Meta',49,3),(683,'Narino',49,3),(684,'Norte de Santander',49,3),(685,'Putumayo',49,3),(686,'Quindio',49,3),(687,'Risaralda',49,3),(688,'San Andres & Providencia',49,3),(689,'Santander',49,3),(690,'Sucre',49,3),(691,'Tolima',49,3),(692,'Valle del Cauca',49,3),(693,'Vaupes',49,3),(694,'Vichada',49,3),(695,'Grande Comore (Njazidja)',50,1),(696,'Anjouan (Nzwani)',50,1),(697,'Moheli (Mwali)',50,1),(698,'Bandundu',51,1),(699,'Bas-Congo',51,1),(700,'Equateur',51,1),(701,'Kasai-Occidental',51,1),(702,'Kasai-Oriental',51,1),(703,'Katanga',51,1),(704,'Kinshasa',51,1),(705,'Maniema',51,1),(706,'Nord-Kivu',51,1),(707,'Orientale',51,1),(708,'Sud-Kivu',51,1),(709,'Bouenza',52,1),(710,'Brazzaville',52,1),(711,'Cuvette',52,1),(712,'Cuvette-Ouest',52,1),(713,'Kouilou',52,1),(714,'Lekoumou',52,1),(715,'Likouala',52,1),(716,'Niari',52,1),(717,'Plateaux',52,1),(718,'Pool',52,1),(719,'Sangha',52,1),(720,'Alajuela',54,3),(721,'Cartago',54,3),(722,'Guanacaste',54,3),(723,'Heredia',54,3),(724,'Limon',54,3),(725,'Puntarenas',54,3),(726,'San Jose',54,3),(727,'',55,1),(728,'Bjelovarsko-Bilogorska',56,1),(729,'Brodsko-Posavska',56,1),(730,'Dubrovacko-Neretvanska',56,1),(731,'Istarska',56,1),(732,'Karlovacka',56,1),(733,'Koprivnicko-Krizevacka',56,1),(734,'Krapinsko-Zagorska',56,1),(735,'Licko-Senjska',56,1),(736,'Medimurska',56,1),(737,'Osjecko-Baranjska',56,1),(738,'Pozesko-Slavonska',56,1),(739,'Primorsko-Goranska',56,1),(740,'Sibensko-Kninska',56,1),(741,'Sisacko-Moslavacka',56,1),(742,'Splitsko-Dalmatinska',56,1),(743,'Varazdinska',56,1),(744,'Viroviticko-Podravska',56,1),(745,'Vukovarsko-Srijemska',56,1),(746,'Zadarska',56,1),(747,'Zagreb',56,1),(748,'Zagrebacka',56,1),(749,'Camaguey',57,3),(750,'Ciego de Avila',57,3),(751,'Cienfuegos',57,3),(752,'Ciudad de La Habana',57,3),(753,'Granma',57,3),(754,'Guantanamo',57,3),(755,'Holguin',57,3),(756,'Isla de la Juventud',57,3),(757,'La Habana',57,3),(758,'Las Tunas',57,3),(759,'Matanzas',57,3),(760,'Pinar del Rio',57,3),(761,'Sancti Spiritus',57,3),(762,'Santiago de Cuba',57,3),(763,'Villa Clara',57,3),(764,'Famagusta',59,1),(765,'Kyrenia',59,1),(766,'Larnaca',59,1),(767,'Limassol',59,1),(768,'Nicosia',59,1),(769,'Paphos',59,1),(770,'Jihocesky Kraj',60,1),(771,'Jihomoravsky Kraj',60,1),(772,'Karlovarsky Kraj',60,1),(773,'Kralovehradecky Kraj',60,1),(774,'Liberecky Kraj',60,1),(775,'Moravskoslezsky Kraj',60,1),(776,'Olomoucky Kraj',60,1),(777,'Pardubicky Kraj',60,1),(778,'Plzensky Kraj',60,1),(779,'Praha',60,1),(780,'Stredocesky Kraj',60,1),(781,'Ustecky Kraj',60,1),(782,'Vysocina',60,1),(783,'Zlinsky Kraj',60,1),(784,'Arhus',61,1),(785,'Bornholm',61,1),(786,'Frederiksberg',61,1),(787,'Frederiksborg',61,1),(788,'Fyn',61,1),(789,'Kobenhavn',61,1),(790,'Kobenhavns',61,1),(791,'Nordjylland',61,1),(792,'Ribe',61,1),(793,'Ringkobing',61,1),(794,'Roskilde',61,1),(795,'Sonderjylland',61,1),(796,'Storstrom',61,1),(797,'Vejle',61,1),(798,'Vestsjalland',61,1),(799,'Viborg',61,1),(800,'Ali Sabih',62,1),(801,'Dikhil',62,1),(802,'Djibouti',62,1),(803,'Obock',62,1),(804,'Tadjoura',62,1),(805,'Saint Andrew',63,3),(806,'Saint David',63,3),(807,'Saint George',63,3),(808,'Saint John',63,3),(809,'Saint Joseph',63,3),(810,'Saint Luke',63,3),(811,'Saint Mark',63,3),(812,'Saint Patrick',63,3),(813,'Saint Paul',63,3),(814,'Saint Peter',63,3),(815,'Azua',64,3),(816,'Baoruco',64,3),(817,'Barahona',64,3),(818,'Dajabon',64,3),(819,'Distrito Nacional',64,3),(820,'Duarte',64,3),(821,'Elias Pina',64,3),(822,'El Seibo',64,3),(823,'Espaillat',64,3),(824,'Hato Mayor',64,3),(825,'Independencia',64,3),(826,'La Altagracia',64,3),(827,'La Romana',64,3),(828,'La Vega',64,3),(829,'Maria Trinidad Sanchez',64,3),(830,'Monsenor Nouel',64,3),(831,'Monte Cristi',64,3),(832,'Monte Plata',64,3),(833,'Pedernales',64,3),(834,'Peravia',64,3),(835,'Puerto Plata',64,3),(836,'Salcedo',64,3),(837,'Samana',64,3),(838,'Sanchez Ramirez',64,3),(839,'San Cristobal',64,3),(840,'San Jose de Ocoa',64,3),(841,'San Juan',64,3),(842,'San Pedro de Macoris',64,3),(843,'Santiago',64,3),(844,'Santiago Rodriguez',64,3),(845,'Santo Domingo',64,3),(846,'Valverde',64,3),(847,'Aileu',222,2),(848,'Ainaro',222,2),(849,'Baucau',222,2),(850,'Bobonaro',222,2),(851,'Cova-Lima',222,2),(852,'Dili',222,2),(853,'Ermera',222,2),(854,'Lautem',222,2),(855,'Liquica',222,2),(856,'Manatuto',222,2),(857,'Manufahi',222,2),(858,'Oecussi',222,2),(859,'Viqueque',222,2),(860,'Azuay',65,3),(861,'Bolivar',65,3),(862,'Canar',65,3),(863,'Carchi',65,3),(864,'Chimborazo',65,3),(865,'Cotopaxi',65,3),(866,'El Oro',65,3),(867,'Esmeraldas',65,3),(868,'Galapagos',65,3),(869,'Guayas',65,3),(870,'Imbabura',65,3),(871,'Loja',65,3),(872,'Los Rios',65,3),(873,'Manabi',65,3),(874,'Morona-Santiago',65,3),(875,'Napo',65,3),(876,'Orellana',65,3),(877,'Pastaza',65,3),(878,'Pichincha',65,3),(879,'Sucumbios',65,3),(880,'Tungurahua',65,3),(881,'Zamora-Chinchipe',65,3),(882,'Ad Daqahliyah',66,1),(883,'Al Bahr al Ahmar',66,1),(884,'Al Buhayrah',66,1),(885,'Al Fayyum',66,1),(886,'Al Gharbiyah',66,1),(887,'Al Iskandariyah',66,1),(888,'Al Ismailiyah',66,1),(889,'Al Jizah',66,1),(890,'Al Minufiyah',66,1),(891,'Al Minya',66,1),(892,'Al Qahirah',66,1),(893,'Al Qalyubiyah',66,1),(894,'Al Wadi al Jadid',66,1),(895,'Ash Sharqiyah',66,1),(896,'As Suways',66,1),(897,'Aswan',66,1),(898,'Asyut',66,1),(899,'Bani Suwayf',66,1),(900,'Bur Said',66,1),(901,'Dumyat',66,1),(902,'Janub Sina',66,1),(903,'Kafr ash Shaykh',66,1),(904,'Matruh',66,1),(905,'Qina',66,1),(906,'Shamal Sina',66,1),(907,'Suhaj',66,1),(908,'Ahuachapan',67,3),(909,'Cabanas',67,3),(910,'Chalatenango',67,3),(911,'Cuscatlan',67,3),(912,'La Libertad',67,3),(913,'La Paz',67,3),(914,'La Union',67,3),(915,'Morazan',67,3),(916,'San Miguel',67,3),(917,'San Salvador',67,3),(918,'Santa Ana',67,3),(919,'San Vicente',67,3),(920,'Sonsonate',67,3),(921,'Usulutan',67,3),(922,'Annobon',68,1),(923,'Bioko Norte',68,1),(924,'Bioko Sur',68,1),(925,'Centro Sur',68,1),(926,'Kie-Ntem',68,1),(927,'Litoral',68,1),(928,'Wele-Nzas',68,1),(929,'Anseba',69,1),(930,'Debub',69,1),(931,'Debubawi Keyih Bahri',69,1),(932,'Gash Barka',69,1),(933,'Maakel',69,1),(934,'Semenawi Keyih Bahri',69,1),(935,'Harjumaa (Tallinn)',70,1),(936,'Hiiumaa (Kardla)',70,1),(937,'Ida-Virumaa (Johvi)',70,1),(938,'Jarvamaa (Paide)',70,1),(939,'Jogevamaa (Jogeva)',70,1),(940,'Laanemaa (Haapsalu)',70,1),(941,'Laane-Virumaa (Rakvere)',70,1),(942,'Parnumaa (Parnu)',70,1),(943,'Polvamaa (Polva)',70,1),(944,'Raplamaa (Rapla)',70,1),(945,'Saaremaa (Kuressaare)',70,1),(946,'Tartumaa (Tartu)',70,1),(947,'Valgamaa (Valga)',70,1),(948,'Viljandimaa (Viljandi)',70,1),(949,'Vorumaa (Voru)',70,1),(950,'Addis Ababa',71,1),(951,'Afar',71,1),(952,'Amhara',71,1),(953,'Binshangul Gumuz',71,1),(954,'Dire Dawa',71,1),(955,'Gambela Hizboch',71,1),(956,'Harari',71,1),(957,'Oromia',71,1),(958,'Somali',71,1),(959,'Tigray',71,1),(960,'Southern Nations, Nationalities, and Peoples Region',71,1),(961,'Central (Suva)',74,2),(962,'Eastern (Levuka)',74,2),(963,'Northern (Labasa)',74,2),(964,'Rotuma',74,2),(965,'Western (Lautoka)',74,2),(966,'Aland',75,1),(967,'Etela-Suomen Laani',75,1),(968,'Ita-Suomen Laani',75,1),(969,'Lansi-Suomen Laani',75,1),(970,'Lappi',75,1),(971,'Oulun Laani',75,1),(972,'Alsace',76,1),(973,'Aquitaine',76,1),(974,'Auvergne',76,1),(975,'Basse-Normandie',76,1),(976,'Bourgogne',76,1),(977,'Bretagne',76,1),(978,'Centre',76,1),(979,'Champagne-Ardenne',76,1),(980,'Corse',76,1),(981,'Franche-Comte',76,1),(982,'Haute-Normandie',76,1),(983,'Ile-de-France',76,1),(984,'Languedoc-Roussillon',76,1),(985,'Limousin',76,1),(986,'Lorraine',76,1),(987,'Midi-Pyrenees',76,1),(988,'Nord-Pas-de-Calais',76,1),(989,'Pays de la Loire',76,1),(990,'Picardie',76,1),(991,'Poitou-Charentes',76,1),(992,'Provence-Alpes-Cote dAzur',76,1),(993,'Rhone-Alpes',76,1),(994,'Estuaire',80,1),(995,'Haut-Ogooue',80,1),(996,'Moyen-Ogooue',80,1),(997,'Ngounie',80,1),(998,'Nyanga',80,1),(999,'Ogooue-Ivindo',80,1),(1000,'Ogooue-Lolo',80,1),(1001,'Ogooue-Maritime',80,1),(1002,'Woleu-Ntem',80,1),(1003,'Banjul',81,1),(1004,'Central River',81,1),(1005,'Lower River',81,1),(1006,'North Bank',81,1),(1007,'Upper River',81,1),(1008,'Western',81,1),(1009,'',82,1),(1010,'Baden-Wuerttemberg',83,1),(1011,'Bayern',83,1),(1012,'Berlin',83,1),(1013,'Brandenburg',83,1),(1014,'Bremen',83,1),(1015,'Hamburg',83,1),(1016,'Hessen',83,1),(1017,'Mecklenburg-Vorpommern',83,1),(1018,'Niedersachsen',83,1),(1019,'Nordrhein-Westfalen',83,1),(1020,'Rheinland-Pfalz',83,1),(1021,'Saarland',83,1),(1022,'Sachsen',83,1),(1023,'Sachsen-Anhalt',83,1),(1024,'Schleswig-Holstein',83,1),(1025,'Thueringen',83,1),(1026,'Ashanti',84,1),(1027,'Brong-Ahafo',84,1),(1028,'Central',84,1),(1029,'Eastern',84,1),(1030,'Greater Accra',84,1),(1031,'Northern',84,1),(1032,'Upper East',84,1),(1033,'Upper West',84,1),(1034,'Volta',84,1),(1035,'Western',84,1),(1036,'Agion Oros',86,1),(1037,'Achaia',86,1),(1038,'Aitolia kai Akarmania',86,1),(1039,'Argolis',86,1),(1040,'Arkadia',86,1),(1041,'Arta',86,1),(1042,'Attiki',86,1),(1043,'Chalkidiki',86,1),(1044,'Chanion',86,1),(1045,'Chios',86,1),(1046,'Dodekanisos',86,1),(1047,'Drama',86,1),(1048,'Evros',86,1),(1049,'Evrytania',86,1),(1050,'Evvoia',86,1),(1051,'Florina',86,1),(1052,'Fokidos',86,1),(1053,'Fthiotis',86,1),(1054,'Grevena',86,1),(1055,'Ileia',86,1),(1056,'Imathia',86,1),(1057,'Ioannina',86,1),(1058,'Irakleion',86,1),(1059,'Karditsa',86,1),(1060,'Kastoria',86,1),(1061,'Kavala',86,1),(1062,'Kefallinia',86,1),(1063,'Kerkyra',86,1),(1064,'Kilkis',86,1),(1065,'Korinthia',86,1),(1066,'Kozani',86,1),(1067,'Kyklades',86,1),(1068,'Lakonia',86,1),(1069,'Larisa',86,1),(1070,'Lasithi',86,1),(1071,'Lefkas',86,1),(1072,'Lesvos',86,1),(1073,'Magnisia',86,1),(1074,'Messinia',86,1),(1075,'Pella',86,1),(1076,'Pieria',86,1),(1077,'Preveza',86,1),(1078,'Rethynnis',86,1),(1079,'Rodopi',86,1),(1080,'Samos',86,1),(1081,'Serrai',86,1),(1082,'Thesprotia',86,1),(1083,'Thessaloniki',86,1),(1084,'Trikala',86,1),(1085,'Voiotia',86,1),(1086,'Xanthi',86,1),(1087,'Zakynthos',86,1),(1088,'Avannaa (Nordgronland)',87,1),(1089,'Tunu (Ostgronland)',87,1),(1090,'Kitaa (Vestgronland)',87,1),(1091,'Carriacou and Petit Martinique',88,3),(1092,'Saint Andrew',88,3),(1093,'Saint David',88,3),(1094,'Saint George',88,3),(1095,'Saint John',88,3),(1096,'Saint Mark',88,3),(1097,'Saint Patrick',88,3),(1098,'Alta Verapaz',91,3),(1099,'Baja Verapaz',91,3),(1100,'Chimaltenango',91,3),(1101,'Chiquimula',91,3),(1102,'El Progreso',91,3),(1103,'Escuintla',91,3),(1104,'Guatemala',91,3),(1105,'Huehuetenango',91,3),(1106,'Izabal',91,3),(1107,'Jalapa',91,3),(1108,'Jutiapa',91,3),(1109,'Peten',91,3),(1110,'Quetzaltenango',91,3),(1111,'Quiche',91,3),(1112,'Retalhuleu',91,3),(1113,'Sacatepequez',91,3),(1114,'San Marcos',91,3),(1115,'Santa Rosa',91,3),(1116,'Solola',91,3),(1117,'Suchitepequez',91,3),(1118,'Totonicapan',91,3),(1119,'Zacapa',91,3),(1120,'Beyla',93,1),(1121,'Boffa',93,1),(1122,'Boke',93,1),(1123,'Conakry',93,1),(1124,'Coyah',93,1),(1125,'Dabola',93,1),(1126,'Dalaba',93,1),(1127,'Dinguiraye',93,1),(1128,'Dubreka',93,1),(1129,'Faranah',93,1),(1130,'Forecariah',93,1),(1131,'Fria',93,1),(1132,'Gaoual',93,1),(1133,'Gueckedou',93,1),(1134,'Kankan',93,1),(1135,'Kerouane',93,1),(1136,'Kindia',93,1),(1137,'Kissidougou',93,1),(1138,'Koubia',93,1),(1139,'Koundara',93,1),(1140,'Kouroussa',93,1),(1141,'Labe',93,1),(1142,'Lelouma',93,1),(1143,'Lola',93,1),(1144,'Macenta',93,1),(1145,'Mali',93,1),(1146,'Mamou',93,1),(1147,'Mandiana',93,1),(1148,'Nzerekore',93,1),(1149,'Pita',93,1),(1150,'Siguiri',93,1),(1151,'Telimele',93,1),(1152,'Tougue',93,1),(1153,'Yomou',93,1),(1154,'Bafata',94,1),(1155,'Biombo',94,1),(1156,'Bissau',94,1),(1157,'Bolama',94,1),(1158,'Cacheu',94,1),(1159,'Gabu',94,1),(1160,'Oio',94,1),(1161,'Quinara',94,1),(1162,'Tombali',94,1),(1163,'Barima-Waini',95,3),(1164,'Cuyuni-Mazaruni',95,3),(1165,'Demerara-Mahaica',95,3),(1166,'East Berbice-Corentyne',95,3),(1167,'Essequibo Islands-West Demerara',95,3),(1168,'Mahaica-Berbice',95,3),(1169,'Pomeroon-Supenaam',95,3),(1170,'Potaro-Siparuni',95,3),(1171,'Upper Demerara-Berbice',95,3),(1172,'Upper Takutu-Upper Essequibo',95,3),(1173,'Artibonite',96,3),(1174,'Centre',96,3),(1175,'Grand Anse',96,3),(1176,'Nord',96,3),(1177,'Nord-Est',96,3),(1178,'Nord-Ouest',96,3),(1179,'Ouest',96,3),(1180,'Sud',96,3),(1181,'Sud-Est',96,3),(1182,'Atlantida',99,3),(1183,'Choluteca',99,3),(1184,'Colon',99,3),(1185,'Comayagua',99,3),(1186,'Copan',99,3),(1187,'Cortes',99,3),(1188,'El Paraiso',99,3),(1189,'Francisco Morazan',99,3),(1190,'Gracias a Dios',99,3),(1191,'Intibuca',99,3),(1192,'Islas de la Bahia',99,3),(1193,'La Paz',99,3),(1194,'Lempira',99,3),(1195,'Ocotepeque',99,3),(1196,'Olancho',99,3),(1197,'Santa Barbara',99,3),(1198,'Valle',99,3),(1199,'Yoro',99,3),(1200,'',100,2),(1201,'Bacs-Kiskun',101,1),(1202,'Baranya',101,1),(1203,'Bekes',101,1),(1204,'Borsod-Abauj-Zemplen',101,1),(1205,'Csongrad',101,1),(1206,'Fejer',101,1),(1207,'Gyor-Moson-Sopron',101,1),(1208,'Hajdu-Bihar',101,1),(1209,'Heves',101,1),(1210,'Jasz-Nagykun-Szolnok',101,1),(1211,'Komarom-Esztergom',101,1),(1212,'Nograd',101,1),(1213,'Pest',101,1),(1214,'Somogy',101,1),(1215,'Szabolcs-Szatmar-Bereg',101,1),(1216,'Tolna',101,1),(1217,'Vas',101,1),(1218,'Veszprem',101,1),(1219,'Zala',101,1),(1220,'Bekescsaba',101,1),(1221,'Debrecen',101,1),(1222,'Dunaujvaros',101,1),(1223,'Eger',101,1),(1224,'Gyor',101,1),(1225,'Hodmezovasarhely',101,1),(1226,'Kaposvar',101,1),(1227,'Kecskemet',101,1),(1228,'Miskolc',101,1),(1229,'Nagykanizsa',101,1),(1230,'Nyiregyhaza',101,1),(1231,'Pecs',101,1),(1232,'Sopron',101,1),(1233,'Szeged',101,1),(1234,'Szekesfehervar',101,1),(1235,'Szolnok',101,1),(1236,'Szombathely',101,1),(1237,'Tatabanya',101,1),(1238,'Veszprem',101,1),(1239,'Zalaegerszeg',101,1),(1240,'Austurland',102,1),(1241,'Hofudhborgarsvaedhi',102,1),(1242,'Nordhurland Eystra',102,1),(1243,'Nordhurland Vestra',102,1),(1244,'Sudhurland',102,1),(1245,'Sudhurnes',102,1),(1246,'Vestfirdhir',102,1),(1247,'Vesturland',102,1),(1248,'Andaman and Nicobar Islands',103,2),(1249,'Andhra Pradesh',103,2),(1250,'Arunachal Pradesh',103,2),(1251,'Assam',103,2),(1252,'Bihar',103,2),(1253,'Chandigarh',103,2),(1254,'Chhattisgarh',103,2),(1255,'Dadra and Nagar Haveli',103,2),(1256,'Daman and Diu',103,2),(1257,'Delhi',103,2),(1258,'Goa',103,2),(1259,'Gujarat',103,2),(1260,'Haryana',103,2),(1261,'Himachal Pradesh',103,2),(1262,'Jammu and Kashmir',103,2),(1263,'Jharkhand',103,2),(1264,'Karnataka',103,2),(1265,'Kerala',103,2),(1266,'Lakshadweep',103,2),(1267,'Madhya Pradesh',103,2),(1268,'Maharashtra',103,2),(1269,'Manipur',103,2),(1270,'Meghalaya',103,2),(1271,'Mizoram',103,2),(1272,'Nagaland',103,2),(1273,'Orissa',103,2),(1274,'Pondicherry',103,2),(1275,'Punjab',103,2),(1276,'Rajasthan',103,2),(1277,'Sikkim',103,2),(1278,'Tamil Nadu',103,2),(1279,'Telengana',103,2),(1280,'Tripura',103,2),(1281,'Uttaranchal',103,2),(1282,'Uttar Pradesh',103,2),(1283,'West Bengal',103,2),(1284,'Aceh',104,2),(1285,'Bali',104,2),(1286,'Banten',104,2),(1287,'Bengkulu',104,2),(1288,'Gorontalo',104,2),(1289,'Irian Jaya Barat',104,2),(1290,'Jakarta Raya',104,2),(1291,'Jambi',104,2),(1292,'Jawa Barat',104,2),(1293,'Jawa Tengah',104,2),(1294,'Jawa Timur',104,2),(1295,'Kalimantan Barat',104,2),(1296,'Kalimantan Selatan',104,2),(1297,'Kalimantan Tengah',104,2),(1298,'Kalimantan Timur',104,2),(1299,'Kepulauan Bangka Belitung',104,2),(1300,'Kepulauan Riau',104,2),(1301,'Lampung',104,2),(1302,'Maluku',104,2),(1303,'Maluku Utara',104,2),(1304,'Nusa Tenggara Barat',104,2),(1305,'Nusa Tenggara Timur',104,2),(1306,'Papua',104,2),(1307,'Riau',104,2),(1308,'Sulawesi Barat',104,2),(1309,'Sulawesi Selatan',104,2),(1310,'Sulawesi Tengah',104,2),(1311,'Sulawesi Tenggara',104,2),(1312,'Sulawesi Utara',104,2),(1313,'Sumatera Barat',104,2),(1314,'Sumatera Selatan',104,2),(1315,'Sumatera Utara',104,2),(1316,'Yogyakarta',104,2),(1317,'Ardabil',105,1),(1318,'Azarbayjan-e Gharbi',105,1),(1319,'Azarbayjan-e Sharqi',105,1),(1320,'Bushehr',105,1),(1321,'Chahar Mahall va Bakhtiari',105,1),(1322,'Esfahan',105,1),(1323,'Fars',105,1),(1324,'Gilan',105,1),(1325,'Golestan',105,1),(1326,'Hamadan',105,1),(1327,'Hormozgan',105,1),(1328,'Ilam',105,1),(1329,'Kerman',105,1),(1330,'Kermanshah',105,1),(1331,'Khorasan-e Janubi',105,1),(1332,'Khorasan-e Razavi',105,1),(1333,'Khorasan-e Shemali',105,1),(1334,'Khuzestan',105,1),(1335,'Kohgiluyeh va Buyer Ahmad',105,1),(1336,'Kordestan',105,1),(1337,'Lorestan',105,1),(1338,'Markazi',105,1),(1339,'Mazandaran',105,1),(1340,'Qazvin',105,1),(1341,'Qom',105,1),(1342,'Semnan',105,1),(1343,'Sistan va Baluchestan',105,1),(1344,'Tehran',105,1),(1345,'Yazd',105,1),(1346,'Zanjan',105,1),(1347,'Al Anbar',106,1),(1348,'Al Basrah',106,1),(1349,'Al Muthanna',106,1),(1350,'Al Qadisiyah',106,1),(1351,'An Najaf',106,1),(1352,'Arbil',106,1),(1353,'As Sulaymaniyah',106,1),(1354,'At Tamim',106,1),(1355,'Babil',106,1),(1356,'Baghdad',106,1),(1357,'Dahuk',106,1),(1358,'Dhi Qar',106,1),(1359,'Diyala',106,1),(1360,'Karbala',106,1),(1361,'Maysan',106,1),(1362,'Ninawa',106,1),(1363,'Salah ad Din',106,1),(1364,'Wasit',106,1),(1365,'Carlow',107,1),(1366,'Cavan',107,1),(1367,'Clare',107,1),(1368,'Cork',107,1),(1369,'Donegal',107,1),(1370,'Dublin',107,1),(1371,'Galway',107,1),(1372,'Kerry',107,1),(1373,'Kildare',107,1),(1374,'Kilkenny',107,1),(1375,'Laois',107,1),(1376,'Leitrim',107,1),(1377,'Limerick',107,1),(1378,'Longford',107,1),(1379,'Louth',107,1),(1380,'Mayo',107,1),(1381,'Meath',107,1),(1382,'Monaghan',107,1),(1383,'Offaly',107,1),(1384,'Roscommon',107,1),(1385,'Sligo',107,1),(1386,'Tipperary',107,1),(1387,'Waterford',107,1),(1388,'Westmeath',107,1),(1389,'Wexford',107,1),(1390,'Wicklow',107,1),(1391,'Central',109,1),(1392,'Haifa',109,1),(1393,'Jerusalem',109,1),(1394,'Northern',109,1),(1395,'Southern',109,1),(1396,'Tel Aviv',109,1),(1397,'Abruzzo',110,1),(1398,'Basilicata',110,1),(1399,'Calabria',110,1),(1400,'Campania',110,1),(1401,'Emilia-Romagna',110,1),(1402,'Friuli-Venezia Giulia',110,1),(1403,'Lazio',110,1),(1404,'Liguria',110,1),(1405,'Lombardia',110,1),(1406,'Marche',110,1),(1407,'Molise',110,1),(1408,'Piemonte',110,1),(1409,'Puglia',110,1),(1410,'Sardegna',110,1),(1411,'Sicilia',110,1),(1412,'Toscana',110,1),(1413,'Trentino-Alto Adige',110,1),(1414,'Umbria',110,1),(1415,'Valle dAosta',110,1),(1416,'Veneto',110,1),(1417,'Clarendon',111,3),(1418,'Hanover',111,3),(1419,'Kingston',111,3),(1420,'Manchester',111,3),(1421,'Portland',111,3),(1422,'Saint Andrew',111,3),(1423,'Saint Ann',111,3),(1424,'Saint Catherine',111,3),(1425,'Saint Elizabeth',111,3),(1426,'Saint James',111,3),(1427,'Saint Mary',111,3),(1428,'Saint Thomas',111,3),(1429,'Trelawny',111,3),(1430,'Westmoreland',111,3),(1431,'Aichi',112,2),(1432,'Akita',112,2),(1433,'Aomori',112,2),(1434,'Chiba',112,2),(1435,'Ehime',112,2),(1436,'Fukui',112,2),(1437,'Fukuoka',112,2),(1438,'Fukushima',112,2),(1439,'Gifu',112,2),(1440,'Gumma',112,2),(1441,'Hiroshima',112,2),(1442,'Hokkaido',112,2),(1443,'Hyogo',112,2),(1444,'Ibaraki',112,2),(1445,'Ishikawa',112,2),(1446,'Iwate',112,2),(1447,'Kagawa',112,2),(1448,'Kagoshima',112,2),(1449,'Kanagawa',112,2),(1450,'Kochi',112,2),(1451,'Kumamoto',112,2),(1452,'Kyoto',112,2),(1453,'Mie',112,2),(1454,'Miyagi',112,2),(1455,'Miyazaki',112,2),(1456,'Nagano',112,2),(1457,'Nagasaki',112,2),(1458,'Nara',112,2),(1459,'Niigata',112,2),(1460,'Oita',112,2),(1461,'Okayama',112,2),(1462,'Okinawa',112,2),(1463,'Osaka',112,2),(1464,'Saga',112,2),(1465,'Saitama',112,2),(1466,'Shiga',112,2),(1467,'Shimane',112,2),(1468,'Shizuoka',112,2),(1469,'Tochigi',112,2),(1470,'Tokushima',112,2),(1471,'Tokyo',112,2),(1472,'Tottori',112,2),(1473,'Toyama',112,2),(1474,'Wakayama',112,2),(1475,'Yamagata',112,2),(1476,'Yamaguchi',112,2),(1477,'Yamanashi',112,2),(1478,'Ajlun',114,1),(1479,'Al Aqabah',114,1),(1480,'Al Balqa',114,1),(1481,'Al Karak',114,1),(1482,'Al Mafraq',114,1),(1483,'Amman',114,1),(1484,'At Tafilah',114,1),(1485,'Az Zarqa',114,1),(1486,'Irbid',114,1),(1487,'Jarash',114,1),(1488,'Maan',114,1),(1489,'Madaba',114,1),(1490,'Almaty Oblysy',115,1),(1491,'Almaty Qalasy',115,1),(1492,'Aqmola Oblysy',115,1),(1493,'Aqtobe Oblysy',115,1),(1494,'Astana Qalasy',115,1),(1495,'Atyrau Oblysy',115,1),(1496,'Batys Qazaqstan Oblysy',115,1),(1497,'Bayqongyr Qalasy',115,1),(1498,'Mangghystau Oblysy',115,1),(1499,'Ongtustik Qazaqstan Oblysy',115,1),(1500,'Pavlodar Oblysy',115,1),(1501,'Qaraghandy Oblysy',115,1),(1502,'Qostanay Oblysy',115,1),(1503,'Qyzylorda Oblysy',115,1),(1504,'Shyghys Qazaqstan Oblysy',115,1),(1505,'Soltustik Qazaqstan Oblysy',115,1),(1506,'Zhambyl Oblysy',115,1),(1507,'Central',116,1),(1508,'Coast',116,1),(1509,'Eastern',116,1),(1510,'Nairobi Area',116,1),(1511,'North Eastern',116,1),(1512,'Nyanza',116,1),(1513,'Rift Valley',116,1),(1514,'Western',116,1),(1515,'',117,2),(1516,'Chagang',118,1),(1517,'North Hamgyong',118,1),(1518,'South Hamgyong',118,1),(1519,'North Hwanghae',118,1),(1520,'South Hwanghae',118,1),(1521,'Kangwon',118,1),(1522,'North Pyongan',118,1),(1523,'South Pyongan',118,1),(1524,'Yanggang',118,1),(1525,'Kaesong',118,1),(1526,'Najin',118,1),(1527,'Nampo',118,1),(1528,'Pyongyang',118,1),(1529,'Seoul',119,1),(1530,'Busan City',119,1),(1531,'Daegu City',119,1),(1532,'Incheon City',119,1),(1533,'Gwangju City',119,1),(1534,'Daejeon City',119,1),(1535,'Ulsan',119,1),(1536,'Gyeonggi Province',119,1),(1537,'Gangwon Province',119,1),(1538,'North Chungcheong Province',119,1),(1539,'South Chungcheong Province',119,1),(1540,'North Jeolla Province',119,1),(1541,'South Jeolla Province',119,1),(1542,'North Gyeongsang Province',119,1),(1543,'South Gyeongsang Province',119,1),(1544,'Jeju',119,1),(1545,'Al Ahmadi',120,1),(1546,'Al Farwaniyah',120,1),(1547,'Al Asimah',120,1),(1548,'Al Jahra',120,1),(1549,'Hawalli',120,1),(1550,'Mubarak Al-Kabeer',120,1),(1551,'Batken Oblasty',121,2),(1552,'Bishkek Shaary',121,2),(1553,'Chuy Oblasty',121,2),(1554,'Jalal-Abad Oblasty',121,2),(1555,'Naryn Oblasty',121,2),(1556,'Osh Oblasty',121,2),(1557,'Talas Oblasty',121,2),(1558,'Ysyk-Kol Oblasty',121,2),(1559,'Attapu',122,2),(1560,'Bokeo',122,2),(1561,'Bolikhamxai',122,2),(1562,'Champasak',122,2),(1563,'Houaphan',122,2),(1564,'Khammouan',122,2),(1565,'Louangnamtha',122,2),(1566,'Louangphrabang',122,2),(1567,'Oudomxai',122,2),(1568,'Phongsali',122,2),(1569,'Salavan',122,2),(1570,'Savannakhet',122,2),(1571,'Viangchan',122,2),(1572,'Viangchan',122,2),(1573,'Xaignabouli',122,2),(1574,'Xaisomboun',122,2),(1575,'Xekong',122,2),(1576,'Xiangkhoang',122,2),(1577,'Aizkraukles Rajons',123,1),(1578,'Aluksnes Rajons',123,1),(1579,'Balvu Rajons',123,1),(1580,'Bauskas Rajons',123,1),(1581,'Cesu Rajons',123,1),(1582,'Daugavpils',123,1),(1583,'Daugavpils Rajons',123,1),(1584,'Dobeles Rajons',123,1),(1585,'Gulbenes Rajons',123,1),(1586,'Jekabpils Rajons',123,1),(1587,'Jelgava',123,1),(1588,'Jelgavas Rajons',123,1),(1589,'Jurmala',123,1),(1590,'Kraslavas Rajons',123,1),(1591,'Kuldigas Rajons',123,1),(1592,'Liepaja',123,1),(1593,'Liepajas Rajons',123,1),(1594,'Limbazu Rajons',123,1),(1595,'Ludzas Rajons',123,1),(1596,'Madonas Rajons',123,1),(1597,'Ogres Rajons',123,1),(1598,'Preilu Rajons',123,1),(1599,'Rezekne',123,1),(1600,'Rezeknes Rajons',123,1),(1601,'Riga',123,1),(1602,'Rigas Rajons',123,1),(1603,'Saldus Rajons',123,1),(1604,'Talsu Rajons',123,1),(1605,'Tukuma Rajons',123,1),(1606,'Valkas Rajons',123,1),(1607,'Valmieras Rajons',123,1),(1608,'Ventspils',123,1),(1609,'Ventspils Rajons',123,1),(1610,'Beyrouth',124,1),(1611,'Beqaa',124,1),(1612,'Liban-Nord',124,1),(1613,'Liban-Sud',124,1),(1614,'Mont-Liban',124,1),(1615,'Nabatiye',124,1),(1616,'Berea',125,1),(1617,'Butha-Buthe',125,1),(1618,'Leribe',125,1),(1619,'Mafeteng',125,1),(1620,'Maseru',125,1),(1621,'Mohales Hoek',125,1),(1622,'Mokhotlong',125,1),(1623,'Qachas Nek',125,1),(1624,'Quthing',125,1),(1625,'Thaba-Tseka',125,1),(1626,'Bomi',126,1),(1627,'Bong',126,1),(1628,'Gbarpolu',126,1),(1629,'Grand Bassa',126,1),(1630,'Grand Cape Mount',126,1),(1631,'Grand Gedeh',126,1),(1632,'Grand Kru',126,1),(1633,'Lofa',126,1),(1634,'Margibi',126,1),(1635,'Maryland',126,1),(1636,'Montserrado',126,1),(1637,'Nimba',126,1),(1638,'River Cess',126,1),(1639,'River Gee',126,1),(1640,'Sinoe',126,1),(1641,'Ajdabiya',127,1),(1642,'Al Aziziyah',127,1),(1643,'Al Fatih',127,1),(1644,'Al Jabal al Akhdar',127,1),(1645,'Al Jufrah',127,1),(1646,'Al Khums',127,1),(1647,'Al Kufrah',127,1),(1648,'An Nuqat al Khams',127,1),(1649,'Ash Shati',127,1),(1650,'Awbari',127,1),(1651,'Az Zawiyah',127,1),(1652,'Banghazi',127,1),(1653,'Darnah',127,1),(1654,'Ghadamis',127,1),(1655,'Gharyan',127,1),(1656,'Misratah',127,1),(1657,'Murzuq',127,1),(1658,'Sabha',127,1),(1659,'Sawfajjin',127,1),(1660,'Surt',127,1),(1661,'Tarabulus',127,1),(1662,'Tarhunah',127,1),(1663,'Tubruq',127,1),(1664,'Yafran',127,1),(1665,'Zlitan',127,1),(1666,'Balzers',128,1),(1667,'Eschen',128,1),(1668,'Gamprin',128,1),(1669,'Mauren',128,1),(1670,'Planken',128,1),(1671,'Ruggell',128,1),(1672,'Schaan',128,1),(1673,'Schellenberg',128,1),(1674,'Triesen',128,1),(1675,'Triesenberg',128,1),(1676,'Vaduz',128,1),(1677,'Alytaus',129,1),(1678,'Kauno',129,1),(1679,'Klaipedos',129,1),(1680,'Marijampoles',129,1),(1681,'Panevezio',129,1),(1682,'Siauliu',129,1),(1683,'Taurages',129,1),(1684,'Telsiu',129,1),(1685,'Utenos',129,1),(1686,'Vilniaus',129,1),(1687,'Diekirch',130,1),(1688,'Grevenmacher',130,1),(1689,'Luxembourg',130,1),(1690,'Aerodrom',132,1),(1691,'Aracinovo',132,1),(1692,'Berovo',132,1),(1693,'Bitola',132,1),(1694,'Bogdanci',132,1),(1695,'Bogovinje',132,1),(1696,'Bosilovo',132,1),(1697,'Brvenica',132,1),(1698,'Butel',132,1),(1699,'Cair',132,1),(1700,'Caska',132,1),(1701,'Centar',132,1),(1702,'Centar Zupa',132,1),(1703,'Cesinovo',132,1),(1704,'Cucer-Sandevo',132,1),(1705,'Debar',132,1),(1706,'Debartsa',132,1),(1707,'Delcevo',132,1),(1708,'Demir Hisar',132,1),(1709,'Demir Kapija',132,1),(1710,'Dojran',132,1),(1711,'Dolneni',132,1),(1712,'Drugovo',132,1),(1713,'Gazi Baba',132,1),(1714,'Gevgelija',132,1),(1715,'Gjorce Petrov',132,1),(1716,'Gostivar',132,1),(1717,'Gradsko',132,1),(1718,'Ilinden',132,1),(1719,'Jegunovce',132,1),(1720,'Karbinci',132,1),(1721,'Karpos',132,1),(1722,'Kavadarci',132,1),(1723,'Kicevo',132,1),(1724,'Kisela Voda',132,1),(1725,'Kocani',132,1),(1726,'Konce',132,1),(1727,'Kratovo',132,1),(1728,'Kriva Palanka',132,1),(1729,'Krivogastani',132,1),(1730,'Krusevo',132,1),(1731,'Kumanovo',132,1),(1732,'Lipkovo',132,1),(1733,'Lozovo',132,1),(1734,'Makedonska Kamenica',132,1),(1735,'Makedonski Brod',132,1),(1736,'Mavrovo i Rastusa',132,1),(1737,'Mogila',132,1),(1738,'Negotino',132,1),(1739,'Novaci',132,1),(1740,'Novo Selo',132,1),(1741,'Ohrid',132,1),(1742,'Oslomej',132,1),(1743,'Pehcevo',132,1),(1744,'Petrovec',132,1),(1745,'Plasnica',132,1),(1746,'Prilep',132,1),(1747,'Probistip',132,1),(1748,'Radovis',132,1),(1749,'Rankovce',132,1),(1750,'Resen',132,1),(1751,'Rosoman',132,1),(1752,'Saraj',132,1),(1753,'Skopje',132,1),(1754,'Sopiste',132,1),(1755,'Staro Nagoricane',132,1),(1756,'Stip',132,1),(1757,'Struga',132,1),(1758,'Strumica',132,1),(1759,'Studenicani',132,1),(1760,'Suto Orizari',132,1),(1761,'Sveti Nikole',132,1),(1762,'Tearce',132,1),(1763,'Tetovo',132,1),(1764,'Valandovo',132,1),(1765,'Vasilevo',132,1),(1766,'Veles',132,1),(1767,'Vevcani',132,1),(1768,'Vinica',132,1),(1769,'Vranestica',132,1),(1770,'Vrapciste',132,1),(1771,'Zajas',132,1),(1772,'Zelenikovo',132,1),(1773,'Zelino',132,1),(1774,'Zrnovci',132,1),(1775,'Antananarivo',133,1),(1776,'Antsiranana',133,1),(1777,'Fianarantsoa',133,1),(1778,'Mahajanga',133,1),(1779,'Toamasina',133,1),(1780,'Toliara',133,1),(1781,'Balaka',134,1),(1782,'Blantyre',134,1),(1783,'Chikwawa',134,1),(1784,'Chiradzulu',134,1),(1785,'Chitipa',134,1),(1786,'Dedza',134,1),(1787,'Dowa',134,1),(1788,'Karonga',134,1),(1789,'Kasungu',134,1),(1790,'Likoma',134,1),(1791,'Lilongwe',134,1),(1792,'Machinga',134,1),(1793,'Mangochi',134,1),(1794,'Mchinji',134,1),(1795,'Mulanje',134,1),(1796,'Mwanza',134,1),(1797,'Mzimba',134,1),(1798,'Ntcheu',134,1),(1799,'Nkhata Bay',134,1),(1800,'Nkhotakota',134,1),(1801,'Nsanje',134,1),(1802,'Ntchisi',134,1),(1803,'Phalombe',134,1),(1804,'Rumphi',134,1),(1805,'Salima',134,1),(1806,'Thyolo',134,1),(1807,'Zomba',134,1),(1808,'Johor',135,2),(1809,'Kedah',135,2),(1810,'Kelantan',135,2),(1811,'Kuala Lumpur',135,2),(1812,'Labuan',135,2),(1813,'Malacca',135,2),(1814,'Negeri Sembilan',135,2),(1815,'Pahang',135,2),(1816,'Perak',135,2),(1817,'Perlis',135,2),(1818,'Penang',135,2),(1819,'Sabah',135,2),(1820,'Sarawak',135,2),(1821,'Selangor',135,2),(1822,'Terengganu',135,2),(1823,'Alifu',136,2),(1824,'Baa',136,2),(1825,'Dhaalu',136,2),(1826,'Faafu',136,2),(1827,'Gaafu Alifu',136,2),(1828,'Gaafu Dhaalu',136,2),(1829,'Gnaviyani',136,2),(1830,'Haa Alifu',136,2),(1831,'Haa Dhaalu',136,2),(1832,'Kaafu',136,2),(1833,'Laamu',136,2),(1834,'Lhaviyani',136,2),(1835,'Maale',136,2),(1836,'Meemu',136,2),(1837,'Noonu',136,2),(1838,'Raa',136,2),(1839,'Seenu',136,2),(1840,'Shaviyani',136,2),(1841,'Thaa',136,2),(1842,'Vaavu',136,2),(1843,'Bamako (Capital)',137,1),(1844,'Gao',137,1),(1845,'Kayes',137,1),(1846,'Kidal',137,1),(1847,'Koulikoro',137,1),(1848,'Mopti',137,1),(1849,'Segou',137,1),(1850,'Sikasso',137,1),(1851,'Tombouctou',137,1),(1852,'',138,1),(1853,'',139,2),(1854,'Adrar',141,1),(1855,'Assaba',141,1),(1856,'Brakna',141,1),(1857,'Dakhlet Nouadhibou',141,1),(1858,'Gorgol',141,1),(1859,'Guidimaka',141,1),(1860,'Hodh Ech Chargui',141,1),(1861,'Hodh El Gharbi',141,1),(1862,'Inchiri',141,1),(1863,'Nouakchott',141,1),(1864,'Tagant',141,1),(1865,'Tiris Zemmour',141,1),(1866,'Trarza',141,1),(1867,'Agalega Islands',142,1),(1868,'Black River',142,1),(1869,'Cargados Carajos Shoals',142,1),(1870,'Flacq',142,1),(1871,'Grand Port',142,1),(1872,'Moka',142,1),(1873,'Pamplemousses',142,1),(1874,'Plaines Wilhems',142,1),(1875,'Port Louis',142,1),(1876,'Riviere du Rempart',142,1),(1877,'Rodrigues',142,1),(1878,'Savanne',142,1),(1879,'Aguascalientes',144,3),(1880,'Baja California',144,3),(1881,'Baja California Sur',144,3),(1882,'Campeche',144,3),(1883,'Chiapas',144,3),(1884,'Chihuahua',144,3),(1885,'Coahuila de Zaragoza',144,3),(1886,'Colima',144,3),(1887,'Distrito Federal',144,3),(1888,'Durango',144,3),(1889,'Guanajuato',144,3),(1890,'Guerrero',144,3),(1891,'Hidalgo',144,3),(1892,'Jalisco',144,3),(1893,'Mexico',144,3),(1894,'Michoacan de Ocampo',144,3),(1895,'Morelos',144,3),(1896,'Nayarit',144,3),(1897,'Nuevo Leon',144,3),(1898,'Oaxaca',144,3),(1899,'Puebla',144,3),(1900,'Queretaro de Arteaga',144,3),(1901,'Quintana Roo',144,3),(1902,'San Luis Potosi',144,3),(1903,'Sinaloa',144,3),(1904,'Sonora',144,3),(1905,'Tabasco',144,3),(1906,'Tamaulipas',144,3),(1907,'Tlaxcala',144,3),(1908,'Veracruz-Llave',144,3),(1909,'Yucatan',144,3),(1910,'Zacatecas',144,3),(1911,'',145,2),(1912,'Anenii Noi',146,1),(1913,'Basarabeasca',146,1),(1914,'Briceni',146,1),(1915,'Cahul',146,1),(1916,'Cantemir',146,1),(1917,'Calarasi',146,1),(1918,'Causeni',146,1),(1919,'Cimislia',146,1),(1920,'Criuleni',146,1),(1921,'Donduseni',146,1),(1922,'Drochia',146,1),(1923,'Dubasari',146,1),(1924,'Edinet',146,1),(1925,'Falesti',146,1),(1926,'Floresti',146,1),(1927,'Glodeni',146,1),(1928,'Hincesti',146,1),(1929,'Ialoveni',146,1),(1930,'Leova',146,1),(1931,'Nisporeni',146,1),(1932,'Ocnita',146,1),(1933,'Orhei',146,1),(1934,'Rezina',146,1),(1935,'Riscani',146,1),(1936,'Singerei',146,1),(1937,'Soldanesti',146,1),(1938,'Soroca',146,1),(1939,'Stefan-Voda',146,1),(1940,'Straseni',146,1),(1941,'Taraclia',146,1),(1942,'Telenesti',146,1),(1943,'Ungheni',146,1),(1944,'Balti',146,1),(1945,'Bender',146,1),(1946,'Chisinau',146,1),(1947,'Gagauzia',146,1),(1948,'Stinga Nistrului',146,1),(1949,'Arhangay',148,2),(1950,'Bayanhongor',148,2),(1951,'Bayan-Olgiy',148,2),(1952,'Bulgan',148,2),(1953,'Darhan Uul',148,2),(1954,'Dornod',148,2),(1955,'Dornogovi',148,2),(1956,'Dundgovi',148,2),(1957,'Dzavhan',148,2),(1958,'Govi-Altay',148,2),(1959,'Govi-Sumber',148,2),(1960,'Hentiy',148,2),(1961,'Hovd',148,2),(1962,'Hovsgol',148,2),(1963,'Omnogovi',148,2),(1964,'Orhon',148,2),(1965,'Ovorhangay',148,2),(1966,'Selenge',148,2),(1967,'Suhbaatar',148,2),(1968,'Tov',148,2),(1969,'Ulaanbaatar',148,2),(1970,'Uvs',148,2),(1971,'Agadir',151,1),(1972,'Al Hoceima',151,1),(1973,'Azilal',151,1),(1974,'Beni Mellal',151,1),(1975,'Ben Slimane',151,1),(1976,'Boulemane',151,1),(1977,'Casablanca',151,1),(1978,'Chaouen',151,1),(1979,'El Jadida',151,1),(1980,'El Kelaa des Sraghna',151,1),(1981,'Er Rachidia',151,1),(1982,'Essaouira',151,1),(1983,'Fes',151,1),(1984,'Figuig',151,1),(1985,'Guelmim',151,1),(1986,'Ifrane',151,1),(1987,'Kenitra',151,1),(1988,'Khemisset',151,1),(1989,'Khenifra',151,1),(1990,'Khouribga',151,1),(1991,'Laayoune',151,1),(1992,'Larache',151,1),(1993,'Marrakech',151,1),(1994,'Meknes',151,1),(1995,'Nador',151,1),(1996,'Ouarzazate',151,1),(1997,'Oujda',151,1),(1998,'Rabat-Sale',151,1),(1999,'Safi',151,1),(2000,'Settat',151,1),(2001,'Sidi Kacem',151,1),(2002,'Tangier',151,1),(2003,'Tan-Tan',151,1),(2004,'Taounate',151,1),(2005,'Taroudannt',151,1),(2006,'Tata',151,1),(2007,'Taza',151,1),(2008,'Tetouan',151,1),(2009,'Tiznit',151,1),(2010,'',147,1),(2011,'Cabo Delgado',152,1),(2012,'Gaza',152,1),(2013,'Inhambane',152,1),(2014,'Manica',152,1),(2015,'Maputo',152,1),(2016,'Cidade de Maputo',152,1),(2017,'Nampula',152,1),(2018,'Niassa',152,1),(2019,'Sofala',152,1),(2020,'Tete',152,1),(2021,'Zambezia',152,1),(2022,'Caprivi',154,1),(2023,'Erongo',154,1),(2024,'Hardap',154,1),(2025,'Karas',154,1),(2026,'Khomas',154,1),(2027,'Kunene',154,1),(2028,'Ohangwena',154,1),(2029,'Okavango',154,1),(2030,'Omaheke',154,1),(2031,'Omusati',154,1),(2032,'Oshana',154,1),(2033,'Oshikoto',154,1),(2034,'Otjozondjupa',154,1),(2035,'',155,2),(2036,'Bagmati',156,2),(2037,'Bheri',156,2),(2038,'Dhawalagiri',156,2),(2039,'Gandaki',156,2),(2040,'Janakpur',156,2),(2041,'Karnali',156,2),(2042,'Kosi',156,2),(2043,'Lumbini',156,2),(2044,'Mahakali',156,2),(2045,'Mechi',156,2),(2046,'Narayani',156,2),(2047,'Rapti',156,2),(2048,'Sagarmatha',156,2),(2049,'Seti',156,2),(2050,'Drenthe',157,1),(2051,'Flevoland',157,1),(2052,'Friesland',157,1),(2053,'Gelderland',157,1),(2054,'Groningen',157,1),(2055,'Limburg',157,1),(2056,'Noord-Brabant',157,1),(2057,'Noord-Holland',157,1),(2058,'Overijssel',157,1),(2059,'Utrecht',157,1),(2060,'Zeeland',157,1),(2061,'Zuid-Holland',157,1),(2062,'Auckland',159,2),(2063,'Bay of Plenty',159,2),(2064,'Canterbury',159,2),(2065,'Chatham Islands',159,2),(2066,'Gisborne',159,2),(2067,'Hawkes Bay',159,2),(2068,'Manawatu-Wanganui',159,2),(2069,'Marlborough',159,2),(2070,'Nelson',159,2),(2071,'Northland',159,2),(2072,'Otago',159,2),(2073,'Southland',159,2),(2074,'Taranaki',159,2),(2075,'Tasman',159,2),(2076,'Waikato',159,2),(2077,'Wellington',159,2),(2078,'West Coast',159,2),(2079,'Atlantico Norte',160,3),(2080,'Atlantico Sur',160,3),(2081,'Boaco',160,3),(2082,'Carazo',160,3),(2083,'Chinandega',160,3),(2084,'Chontales',160,3),(2085,'Esteli',160,3),(2086,'Granada',160,3),(2087,'Jinotega',160,3),(2088,'Leon',160,3),(2089,'Madriz',160,3),(2090,'Managua',160,3),(2091,'Masaya',160,3),(2092,'Matagalpa',160,3),(2093,'Nueva Segovia',160,3),(2094,'Rio San Juan',160,3),(2095,'Rivas',160,3),(2096,'Agadez',161,1),(2097,'Diffa',161,1),(2098,'Dosso',161,1),(2099,'Maradi',161,1),(2100,'Niamey',161,1),(2101,'Tahoua',161,1),(2102,'Tillaberi',161,1),(2103,'Zinder',161,1),(2104,'Abia',162,1),(2105,'Abuja Federal Capital',162,1),(2106,'Adamawa',162,1),(2107,'Akwa Ibom',162,1),(2108,'Anambra',162,1),(2109,'Bauchi',162,1),(2110,'Bayelsa',162,1),(2111,'Benue',162,1),(2112,'Borno',162,1),(2113,'Cross River',162,1),(2114,'Delta',162,1),(2115,'Ebonyi',162,1),(2116,'Edo',162,1),(2117,'Ekiti',162,1),(2118,'Enugu',162,1),(2119,'Gombe',162,1),(2120,'Imo',162,1),(2121,'Jigawa',162,1),(2122,'Kaduna',162,1),(2123,'Kano',162,1),(2124,'Katsina',162,1),(2125,'Kebbi',162,1),(2126,'Kogi',162,1),(2127,'Kwara',162,1),(2128,'Lagos',162,1),(2129,'Nassarawa',162,1),(2130,'Niger',162,1),(2131,'Ogun',162,1),(2132,'Ondo',162,1),(2133,'Osun',162,1),(2134,'Oyo',162,1),(2135,'Plateau',162,1),(2136,'Rivers',162,1),(2137,'Sokoto',162,1),(2138,'Taraba',162,1),(2139,'Yobe',162,1),(2140,'Zamfara',162,1),(2141,'Akershus',166,1),(2142,'Aust-Agder',166,1),(2143,'Buskerud',166,1),(2144,'Finnmark',166,1),(2145,'Hedmark',166,1),(2146,'Hordaland',166,1),(2147,'More og Romsdal',166,1),(2148,'Nordland',166,1),(2149,'Nord-Trondelag',166,1),(2150,'Oppland',166,1),(2151,'Oslo',166,1),(2152,'Ostfold',166,1),(2153,'Rogaland',166,1),(2154,'Sogn og Fjordane',166,1),(2155,'Sor-Trondelag',166,1),(2156,'Telemark',166,1),(2157,'Troms',166,1),(2158,'Vest-Agder',166,1),(2159,'Vestfold',166,1),(2160,'Ad Dakhiliyah',167,1),(2161,'Al Batinah',167,1),(2162,'Al Wusta',167,1),(2163,'Ash Sharqiyah',167,1),(2164,'Az Zahirah',167,1),(2165,'Masqat',167,1),(2166,'Musandam',167,1),(2167,'Dhofar',167,1),(2168,'Balochistan',168,2),(2169,'North-West Frontier Province',168,2),(2170,'Punjab',168,2),(2171,'Sindh',168,2),(2172,'Islamabad Capital Territory',168,2),(2173,'Federally Administered Tribal Areas',168,2),(2174,'Bocas del Toro',171,3),(2175,'Chiriqui',171,3),(2176,'Cocle',171,3),(2177,'Colon',171,3),(2178,'Darien',171,3),(2179,'Herrera',171,3),(2180,'Los Santos',171,3),(2181,'Panama',171,3),(2182,'San Blas',171,3),(2183,'Veraguas',171,3),(2184,'Bougainville',172,2),(2185,'Central',172,2),(2186,'Chimbu',172,2),(2187,'Eastern Highlands',172,2),(2188,'East New Britain',172,2),(2189,'East Sepik',172,2),(2190,'Enga',172,2),(2191,'Gulf',172,2),(2192,'Madang',172,2),(2193,'Manus',172,2),(2194,'Milne Bay',172,2),(2195,'Morobe',172,2),(2196,'National Capital',172,2),(2197,'New Ireland',172,2),(2198,'Northern',172,2),(2199,'Sandaun',172,2),(2200,'Southern Highlands',172,2),(2201,'Western',172,2),(2202,'Western Highlands',172,2),(2203,'West New Britain',172,2),(2204,'Alto Paraguay',173,3),(2205,'Alto Parana',173,3),(2206,'Amambay',173,3),(2207,'Asuncion',173,3),(2208,'Boqueron',173,3),(2209,'Caaguazu',173,3),(2210,'Caazapa',173,3),(2211,'Canindeyu',173,3),(2212,'Central',173,3),(2213,'Concepcion',173,3),(2214,'Cordillera',173,3),(2215,'Guaira',173,3),(2216,'Itapua',173,3),(2217,'Misiones',173,3),(2218,'Neembucu',173,3),(2219,'Paraguari',173,3),(2220,'Presidente Hayes',173,3),(2221,'San Pedro',173,3),(2222,'Amazonas',174,3),(2223,'Ancash',174,3),(2224,'Apurimac',174,3),(2225,'Arequipa',174,3),(2226,'Ayacucho',174,3),(2227,'Cajamarca',174,3),(2228,'Callao',174,3),(2229,'Cusco',174,3),(2230,'Huancavelica',174,3),(2231,'Huanuco',174,3),(2232,'Ica',174,3),(2233,'Junin',174,3),(2234,'La Libertad',174,3),(2235,'Lambayeque',174,3),(2236,'Lima',174,3),(2237,'Loreto',174,3),(2238,'Madre de Dios',174,3),(2239,'Moquegua',174,3),(2240,'Pasco',174,3),(2241,'Piura',174,3),(2242,'Puno',174,3),(2243,'San Martin',174,3),(2244,'Tacna',174,3),(2245,'Tumbes',174,3),(2246,'Ucayali',174,3),(2247,'Abra',175,2),(2248,'Agusan del Norte',175,2),(2249,'Agusan del Sur',175,2),(2250,'Aklan',175,2),(2251,'Albay',175,2),(2252,'Antique',175,2),(2253,'Apayao',175,2),(2254,'Aurora',175,2),(2255,'Basilan',175,2),(2256,'Bataan',175,2),(2257,'Batanes',175,2),(2258,'Batangas',175,2),(2259,'Biliran',175,2),(2260,'Benguet',175,2),(2261,'Bohol',175,2),(2262,'Bukidnon',175,2),(2263,'Bulacan',175,2),(2264,'Cagayan',175,2),(2265,'Camarines Norte',175,2),(2266,'Camarines Sur',175,2),(2267,'Camiguin',175,2),(2268,'Capiz',175,2),(2269,'Catanduanes',175,2),(2270,'Cavite',175,2),(2271,'Cebu',175,2),(2272,'Compostela',175,2),(2273,'Davao del Norte',175,2),(2274,'Davao del Sur',175,2),(2275,'Davao Oriental',175,2),(2276,'Eastern Samar',175,2),(2277,'Guimaras',175,2),(2278,'Ifugao',175,2),(2279,'Ilocos Norte',175,2),(2280,'Ilocos Sur',175,2),(2281,'Iloilo',175,2),(2282,'Isabela',175,2),(2283,'Kalinga',175,2),(2284,'Laguna',175,2),(2285,'Lanao del Norte',175,2),(2286,'Lanao del Sur',175,2),(2287,'La Union',175,2),(2288,'Leyte',175,2),(2289,'Maguindanao',175,2),(2290,'Marinduque',175,2),(2291,'Masbate',175,2),(2292,'Mindoro Occidental',175,2),(2293,'Mindoro Oriental',175,2),(2294,'Misamis Occidental',175,2),(2295,'Misamis Oriental',175,2),(2296,'Mountain Province',175,2),(2297,'Negros Occidental',175,2),(2298,'Negros Oriental',175,2),(2299,'North Cotabato',175,2),(2300,'Northern Samar',175,2),(2301,'Nueva Ecija',175,2),(2302,'Nueva Vizcaya',175,2),(2303,'Palawan',175,2),(2304,'Pampanga',175,2),(2305,'Pangasinan',175,2),(2306,'Quezon',175,2),(2307,'Quirino',175,2),(2308,'Rizal',175,2),(2309,'Romblon',175,2),(2310,'Samar',175,2),(2311,'Sarangani',175,2),(2312,'Siquijor',175,2),(2313,'Sorsogon',175,2),(2314,'South Cotabato',175,2),(2315,'Southern Leyte',175,2),(2316,'Sultan Kudarat',175,2),(2317,'Sulu',175,2),(2318,'Surigao del Norte',175,2),(2319,'Surigao del Sur',175,2),(2320,'Tarlac',175,2),(2321,'Tawi-Tawi',175,2),(2322,'Zambales',175,2),(2323,'Zamboanga del Norte',175,2),(2324,'Zamboanga del Sur',175,2),(2325,'Zamboanga Sibugay',175,2),(2326,'Greater Poland (Wielkopolskie)',177,1),(2327,'Kuyavian-Pomeranian (Kujawsko-Pomorskie)',177,1),(2328,'Lesser Poland (Malopolskie)',177,1),(2329,'Lodz (Lodzkie)',177,1),(2330,'Lower Silesian (Dolnoslaskie)',177,1),(2331,'Lublin (Lubelskie)',177,1),(2332,'Lubusz (Lubuskie)',177,1),(2333,'Masovian (Mazowieckie)',177,1),(2334,'Opole (Opolskie)',177,1),(2335,'Podlasie (Podlaskie)',177,1),(2336,'Pomeranian (Pomorskie)',177,1),(2337,'Silesian (Slaskie)',177,1),(2338,'Subcarpathian (Podkarpackie)',177,1),(2339,'Swietokrzyskie (Swietokrzyskie)',177,1),(2340,'Warmian-Masurian (Warminsko-Mazurskie)',177,1),(2341,'West Pomeranian (Zachodniopomorskie)',177,1),(2342,'Aveiro',178,1),(2343,'Acores',178,1),(2344,'Beja',178,1),(2345,'Braga',178,1),(2346,'Braganca',178,1),(2347,'Castelo Branco',178,1),(2348,'Coimbra',178,1),(2349,'Evora',178,1),(2350,'Faro',178,1),(2351,'Guarda',178,1),(2352,'Leiria',178,1),(2353,'Lisboa',178,1),(2354,'Madeira',178,1),(2355,'Portalegre',178,1),(2356,'Porto',178,1),(2357,'Santarem',178,1),(2358,'Setubal',178,1),(2359,'Viana do Castelo',178,1),(2360,'Vila Real',178,1),(2361,'Viseu',178,1),(2362,'Ad Dawhah',180,1),(2363,'Al Ghuwayriyah',180,1),(2364,'Al Jumayliyah',180,1),(2365,'Al Khawr',180,1),(2366,'Al Wakrah',180,1),(2367,'Ar Rayyan',180,1),(2368,'Jarayan al Batinah',180,1),(2369,'Madinat ash Shamal',180,1),(2370,'Umm Said',180,1),(2371,'Umm Salal',180,1),(2372,'Alba',182,1),(2373,'Arad',182,1),(2374,'Arges',182,1),(2375,'Bacau',182,1),(2376,'Bihor',182,1),(2377,'Bistrita-Nasaud',182,1),(2378,'Botosani',182,1),(2379,'Braila',182,1),(2380,'Brasov',182,1),(2381,'Bucuresti',182,1),(2382,'Buzau',182,1),(2383,'Calarasi',182,1),(2384,'Caras-Severin',182,1),(2385,'Cluj',182,1),(2386,'Constanta',182,1),(2387,'Covasna',182,1),(2388,'Dimbovita',182,1),(2389,'Dolj',182,1),(2390,'Galati',182,1),(2391,'Gorj',182,1),(2392,'Giurgiu',182,1),(2393,'Harghita',182,1),(2394,'Hunedoara',182,1),(2395,'Ialomita',182,1),(2396,'Iasi',182,1),(2397,'Ilfov',182,1),(2398,'Maramures',182,1),(2399,'Mehedinti',182,1),(2400,'Mures',182,1),(2401,'Neamt',182,1),(2402,'Olt',182,1),(2403,'Prahova',182,1),(2404,'Salaj',182,1),(2405,'Satu Mare',182,1),(2406,'Sibiu',182,1),(2407,'Suceava',182,1),(2408,'Teleorman',182,1),(2409,'Timis',182,1),(2410,'Tulcea',182,1),(2411,'Vaslui',182,1),(2412,'Vilcea',182,1),(2413,'Vrancea',182,1),(2414,'Amur',183,1),(2415,'Arkhangelsk',183,1),(2416,'Astrakhan',183,1),(2417,'Belgorod',183,1),(2418,'Bryansk',183,1),(2419,'Chelyabinsk',183,1),(2420,'Chita',183,1),(2421,'Irkutsk',183,1),(2422,'Ivanovo',183,1),(2423,'Kaliningrad',183,1),(2424,'Kaluga',183,1),(2425,'Kamchatka',183,1),(2426,'Kemerovo',183,1),(2427,'Kirov',183,1),(2428,'Kostroma',183,1),(2429,'Kurgan',183,1),(2430,'Kursk',183,1),(2431,'Leningrad',183,1),(2432,'Lipetsk',183,1),(2433,'Magadan',183,1),(2434,'Moscow',183,1),(2435,'Murmansk',183,1),(2436,'Nizhniy Novgorod',183,1),(2437,'Novgorod',183,1),(2438,'Novosibirsk',183,1),(2439,'Omsk',183,1),(2440,'Orenburg',183,1),(2441,'Orel',183,1),(2442,'Penza',183,1),(2443,'Perm',183,1),(2444,'Pskov',183,1),(2445,'Rostov',183,1),(2446,'Ryazan',183,1),(2447,'Sakhalin',183,1),(2448,'Samara',183,1),(2449,'Saratov',183,1),(2450,'Smolensk',183,1),(2451,'Sverdlovsk',183,1),(2452,'Tambov',183,1),(2453,'Tomsk',183,1),(2454,'Tula',183,1),(2455,'Tver',183,1),(2456,'Tyumen',183,1),(2457,'Ulyanovsk',183,1),(2458,'Vladimir',183,1),(2459,'Volgograd',183,1),(2460,'Vologda',183,1),(2461,'Voronezh',183,1),(2462,'Yaroslavl',183,1),(2463,'Adygeya',183,1),(2464,'Altay',183,1),(2465,'Bashkortostan',183,1),(2466,'Buryatiya',183,1),(2467,'Chechnya',183,1),(2468,'Chuvashiya',183,1),(2469,'Dagestan',183,1),(2470,'Ingushetiya',183,1),(2471,'Kabardino-Balkariya',183,1),(2472,'Kalmykiya',183,1),(2473,'Karachayevo-Cherkesiya',183,1),(2474,'Kareliya',183,1),(2475,'Khakasiya',183,1),(2476,'Komi',183,1),(2477,'Mariy-El',183,1),(2478,'Mordoviya',183,1),(2479,'Sakha',183,1),(2480,'North Ossetia',183,1),(2481,'Tatarstan',183,1),(2482,'Tyva',183,1),(2483,'Udmurtiya',183,1),(2484,'Aga Buryat',183,1),(2485,'Chukotka',183,1),(2486,'Evenk',183,1),(2487,'Khanty-Mansi',183,1),(2488,'Komi-Permyak',183,1),(2489,'Koryak',183,1),(2490,'Nenets',183,1),(2491,'Taymyr',183,1),(2492,'Ust-Orda Buryat',183,1),(2493,'Yamalo-Nenets',183,1),(2494,'Altay',183,1),(2495,'Khabarovsk',183,1),(2496,'Krasnodar',183,1),(2497,'Krasnoyarsk',183,1),(2498,'Primorskiy',183,1),(2499,'Stavropol',183,1),(2500,'Moscow',183,1),(2501,'St. Petersburg',183,1),(2502,'Yevrey',183,1),(2503,'Butare',184,1),(2504,'Byumba',184,1),(2505,'Cyangugu',184,1),(2506,'Gikongoro',184,1),(2507,'Gisenyi',184,1),(2508,'Gitarama',184,1),(2509,'Kibungo',184,1),(2510,'Kibuye',184,1),(2511,'Kigali Rurale',184,1),(2512,'Kigali-ville',184,1),(2513,'Umutara',184,1),(2514,'Ruhengeri',184,1),(2515,'Aana',192,2),(2516,'Aiga-i-le-Tai',192,2),(2517,'Atua',192,2),(2518,'Faasaleleaga',192,2),(2519,'Gagaemauga',192,2),(2520,'Gagaifomauga',192,2),(2521,'Palauli',192,2),(2522,'Satupaitea',192,2),(2523,'Tuamasaga',192,2),(2524,'Vaa-o-Fonoti',192,2),(2525,'Vaisigano',192,2),(2526,'Acquaviva',193,1),(2527,'Borgo Maggiore',193,1),(2528,'Chiesanuova',193,1),(2529,'Domagnano',193,1),(2530,'Faetano',193,1),(2531,'Fiorentino',193,1),(2532,'Montegiardino',193,1),(2533,'San Marino Citta',193,1),(2534,'Serravalle',193,1),(2535,'',194,1),(2536,'Al Bahah',195,1),(2537,'Al Hudud ash Shamaliyah',195,1),(2538,'Al Jawf',195,1),(2539,'Al Madinah',195,1),(2540,'Al Qasim',195,1),(2541,'Ar Riyad',195,1),(2542,'Ash Sharqiyah',195,1),(2543,'Asir',195,1),(2544,'Hail',195,1),(2545,'Jizan',195,1),(2546,'Makkah',195,1),(2547,'Najran',195,1),(2548,'Tabuk',195,1),(2549,'Dakar',196,1),(2550,'Diourbel',196,1),(2551,'Fatick',196,1),(2552,'Kaolack',196,1),(2553,'Kolda',196,1),(2554,'Louga',196,1),(2555,'Matam',196,1),(2556,'Saint-Louis',196,1),(2557,'Tambacounda',196,1),(2558,'Thies',196,1),(2559,'Ziguinchor',196,1),(2560,'Kosovo',197,1),(2561,'Montenegro',197,1),(2562,'Serbia',197,1),(2563,'Vojvodina',197,1),(2564,'Anse aux Pins',198,1),(2565,'Anse Boileau',198,1),(2566,'Anse Etoile',198,1),(2567,'Anse Louis',198,1),(2568,'Anse Royale',198,1),(2569,'Baie Lazare',198,1),(2570,'Baie Sainte Anne',198,1),(2571,'Beau Vallon',198,1),(2572,'Bel Air',198,1),(2573,'Bel Ombre',198,1),(2574,'Cascade',198,1),(2575,'Glacis',198,1),(2576,'Grand Anse',198,1),(2577,'Grand Anse',198,1),(2578,'La Digue',198,1),(2579,'La Riviere Anglaise',198,1),(2580,'Mont Buxton',198,1),(2581,'Mont Fleuri',198,1),(2582,'Plaisance',198,1),(2583,'Pointe La Rue',198,1),(2584,'Port Glaud',198,1),(2585,'Saint Louis',198,1),(2586,'Takamaka',198,1),(2587,'',199,1),(2588,'',200,2),(2589,'Banskobystricky',202,1),(2590,'Bratislavsky',202,1),(2591,'Kosicky',202,1),(2592,'Nitriansky',202,1),(2593,'Presovsky',202,1),(2594,'Trenciansky',202,1),(2595,'Trnavsky',202,1),(2596,'Zilinsky',202,1),(2597,'Ajdovscina',203,1),(2598,'Beltinci',203,1),(2599,'Benedikt',203,1),(2600,'Bistrica ob Sotli',203,1),(2601,'Bled',203,1),(2602,'Bloke',203,1),(2603,'Bohinj',203,1),(2604,'Borovnica',203,1),(2605,'Bovec',203,1),(2606,'Braslovce',203,1),(2607,'Brda',203,1),(2608,'Brezice',203,1),(2609,'Brezovica',203,1),(2610,'Cankova',203,1),(2611,'Celje',203,1),(2612,'Cerklje na Gorenjskem',203,1),(2613,'Cerknica',203,1),(2614,'Cerkno',203,1),(2615,'Cerkvenjak',203,1),(2616,'Crensovci',203,1),(2617,'Crna na Koroskem',203,1),(2618,'Crnomelj',203,1),(2619,'Destrnik',203,1),(2620,'Divaca',203,1),(2621,'Dobje',203,1),(2622,'Dobrepolje',203,1),(2623,'Dobrna',203,1),(2624,'Dobrova-Horjul-Polhov Gradec',203,1),(2625,'Dobrovnik-Dobronak',203,1),(2626,'Dolenjske Toplice',203,1),(2627,'Dol pri Ljubljani',203,1),(2628,'Domzale',203,1),(2629,'Dornava',203,1),(2630,'Dravograd',203,1),(2631,'Duplek',203,1),(2632,'Gorenja Vas-Poljane',203,1),(2633,'Gorisnica',203,1),(2634,'Gornja Radgona',203,1),(2635,'Gornji Grad',203,1),(2636,'Gornji Petrovci',203,1),(2637,'Grad',203,1),(2638,'Grosuplje',203,1),(2639,'Hajdina',203,1),(2640,'Hoce-Slivnica',203,1),(2641,'Hodos-Hodos',203,1),(2642,'Horjul',203,1),(2643,'Hrastnik',203,1),(2644,'Hrpelje-Kozina',203,1),(2645,'Idrija',203,1),(2646,'Ig',203,1),(2647,'Ilirska Bistrica',203,1),(2648,'Ivancna Gorica',203,1),(2649,'Izola-Isola',203,1),(2650,'Jesenice',203,1),(2651,'Jezersko',203,1),(2652,'Jursinci',203,1),(2653,'Kamnik',203,1),(2654,'Kanal',203,1),(2655,'Kidricevo',203,1),(2656,'Kobarid',203,1),(2657,'Kobilje',203,1),(2658,'Kocevje',203,1),(2659,'Komen',203,1),(2660,'Komenda',203,1),(2661,'Koper-Capodistria',203,1),(2662,'Kostel',203,1),(2663,'Kozje',203,1),(2664,'Kranj',203,1),(2665,'Kranjska Gora',203,1),(2666,'Krizevci',203,1),(2667,'Krsko',203,1),(2668,'Kungota',203,1),(2669,'Kuzma',203,1),(2670,'Lasko',203,1),(2671,'Lenart',203,1),(2672,'Lendava-Lendva',203,1),(2673,'Litija',203,1),(2674,'Ljubljana',203,1),(2675,'Ljubno',203,1),(2676,'Ljutomer',203,1),(2677,'Logatec',203,1),(2678,'Loska Dolina',203,1),(2679,'Loski Potok',203,1),(2680,'Lovrenc na Pohorju',203,1),(2681,'Luce',203,1),(2682,'Lukovica',203,1),(2683,'Majsperk',203,1),(2684,'Maribor',203,1),(2685,'Markovci',203,1),(2686,'Medvode',203,1),(2687,'Menges',203,1),(2688,'Metlika',203,1),(2689,'Mezica',203,1),(2690,'Miklavz na Dravskem Polju',203,1),(2691,'Miren-Kostanjevica',203,1),(2692,'Mirna Pec',203,1),(2693,'Mislinja',203,1),(2694,'Moravce',203,1),(2695,'Moravske Toplice',203,1),(2696,'Mozirje',203,1),(2697,'Murska Sobota',203,1),(2698,'Muta',203,1),(2699,'Naklo',203,1),(2700,'Nazarje',203,1),(2701,'Nova Gorica',203,1),(2702,'Novo Mesto',203,1),(2703,'Odranci',203,1),(2704,'Oplotnica',203,1),(2705,'Ormoz',203,1),(2706,'Osilnica',203,1),(2707,'Pesnica',203,1),(2708,'Piran-Pirano',203,1),(2709,'Pivka',203,1),(2710,'Podcetrtek',203,1),(2711,'Podlehnik',203,1),(2712,'Podvelka',203,1),(2713,'Polzela',203,1),(2714,'Postojna',203,1),(2715,'Prebold',203,1),(2716,'Preddvor',203,1),(2717,'Prevalje',203,1),(2718,'Ptuj',203,1),(2719,'Puconci',203,1),(2720,'Race-Fram',203,1),(2721,'Radece',203,1),(2722,'Radenci',203,1),(2723,'Radlje ob Dravi',203,1),(2724,'Radovljica',203,1),(2725,'Ravne na Koroskem',203,1),(2726,'Razkrizje',203,1),(2727,'Ribnica',203,1),(2728,'Ribnica na Pohorju',203,1),(2729,'Rogasovci',203,1),(2730,'Rogaska Slatina',203,1),(2731,'Rogatec',203,1),(2732,'Ruse',203,1),(2733,'Salovci',203,1),(2734,'Selnica ob Dravi',203,1),(2735,'Semic',203,1),(2736,'Sempeter-Vrtojba',203,1),(2737,'Sencur',203,1),(2738,'Sentilj',203,1),(2739,'Sentjernej',203,1),(2740,'Sentjur pri Celju',203,1),(2741,'Sevnica',203,1),(2742,'Sezana',203,1),(2743,'Skocjan',203,1),(2744,'Skofja Loka',203,1),(2745,'Skofljica',203,1),(2746,'Slovenj Gradec',203,1),(2747,'Slovenska Bistrica',203,1),(2748,'Slovenske Konjice',203,1),(2749,'Smarje pri Jelsah',203,1),(2750,'Smartno ob Paki',203,1),(2751,'Smartno pri Litiji',203,1),(2752,'Sodrazica',203,1),(2753,'Solcava',203,1),(2754,'Sostanj',203,1),(2755,'Starse',203,1),(2756,'Store',203,1),(2757,'Sveta Ana',203,1),(2758,'Sveti Andraz v Slovenskih Goricah',203,1),(2759,'Sveti Jurij',203,1),(2760,'Tabor',203,1),(2761,'Tisina',203,1),(2762,'Tolmin',203,1),(2763,'Trbovlje',203,1),(2764,'Trebnje',203,1),(2765,'Trnovska Vas',203,1),(2766,'Trzic',203,1),(2767,'Trzin',203,1),(2768,'Turnisce',203,1),(2769,'Velenje',203,1),(2770,'Velika Polana',203,1),(2771,'Velike Lasce',203,1),(2772,'Verzej',203,1),(2773,'Videm',203,1),(2774,'Vipava',203,1),(2775,'Vitanje',203,1),(2776,'Vodice',203,1),(2777,'Vojnik',203,1),(2778,'Vransko',203,1),(2779,'Vrhnika',203,1),(2780,'Vuzenica',203,1),(2781,'Zagorje ob Savi',203,1),(2782,'Zalec',203,1),(2783,'Zavrc',203,1),(2784,'Zelezniki',203,1),(2785,'Zetale',203,1),(2786,'Ziri',203,1),(2787,'Zirovnica',203,1),(2788,'Zuzemberk',203,1),(2789,'Zrece',203,1),(2790,'Central',204,2),(2791,'Choiseul',204,2),(2792,'Guadalcanal',204,2),(2793,'Honiara',204,2),(2794,'Isabel',204,2),(2795,'Makira',204,2),(2796,'Malaita',204,2),(2797,'Rennell and Bellona',204,2),(2798,'Temotu',204,2),(2799,'Western',204,2),(2800,'Awdal',205,1),(2801,'Bakool',205,1),(2802,'Banaadir',205,1),(2803,'Bari',205,1),(2804,'Bay',205,1),(2805,'Galguduud',205,1),(2806,'Gedo',205,1),(2807,'Hiiraan',205,1),(2808,'Jubbada Dhexe',205,1),(2809,'Jubbada Hoose',205,1),(2810,'Mudug',205,1),(2811,'Nugaal',205,1),(2812,'Sanaag',205,1),(2813,'Shabeellaha Dhexe',205,1),(2814,'Shabeellaha Hoose',205,1),(2815,'Sool',205,1),(2816,'Togdheer',205,1),(2817,'Woqooyi Galbeed',205,1),(2818,'Eastern Cape',206,1),(2819,'Free State',206,1),(2820,'Gauteng',206,1),(2821,'KwaZulu-Natal',206,1),(2822,'Limpopo',206,1),(2823,'Mpumalanga',206,1),(2824,'North-West',206,1),(2825,'Northern Cape',206,1),(2826,'Western Cape',206,1),(2827,'Andalucia',209,1),(2828,'Aragon',209,1),(2829,'Asturias',209,1),(2830,'Baleares',209,1),(2831,'Ceuta',209,1),(2832,'Canarias',209,1),(2833,'Cantabria',209,1),(2834,'Castilla-La Mancha',209,1),(2835,'Castilla y Leon',209,1),(2836,'Cataluna',209,1),(2837,'Comunidad Valenciana',209,1),(2838,'Extremadura',209,1),(2839,'Galicia',209,1),(2840,'La Rioja',209,1),(2841,'Madrid',209,1),(2842,'Melilla',209,1),(2843,'Murcia',209,1),(2844,'Navarra',209,1),(2845,'Pais Vasco',209,1),(2846,'Central',210,2),(2847,'North Central',210,2),(2848,'North Eastern',210,2),(2849,'North Western',210,2),(2850,'Sabaragamuwa',210,2),(2851,'Southern',210,2),(2852,'Uva',210,2),(2853,'Western',210,2),(2854,'Aali an Nil',211,1),(2855,'Al Bahr al Ahmar',211,1),(2856,'Al Buhayrat',211,1),(2857,'Al Jazirah',211,1),(2858,'Al Khartum',211,1),(2859,'Al Qadarif',211,1),(2860,'Al Wahdah',211,1),(2861,'An Nil al Abyad',211,1),(2862,'An Nil al Azraq',211,1),(2863,'Ash Shamaliyah',211,1),(2864,'Bahr al Jabal',211,1),(2865,'Gharb al Istiwaiyah',211,1),(2866,'Gharb Bahr al Ghazal',211,1),(2867,'Gharb Darfur',211,1),(2868,'Gharb Kurdufan',211,1),(2869,'Janub Darfur',211,1),(2870,'Janub Kurdufan',211,1),(2871,'Junqali',211,1),(2872,'Kassala',211,1),(2873,'Nahr an Nil',211,1),(2874,'Shamal Bahr al Ghazal',211,1),(2875,'Shamal Darfur',211,1),(2876,'Shamal Kurdufan',211,1),(2877,'Sharq al Istiwaiyah',211,1),(2878,'Sinnar',211,1),(2879,'Warab',211,1),(2880,'Brokopondo',212,3),(2881,'Commewijne',212,3),(2882,'Coronie',212,3),(2883,'Marowijne',212,3),(2884,'Nickerie',212,3),(2885,'Para',212,3),(2886,'Paramaribo',212,3),(2887,'Saramacca',212,3),(2888,'Sipaliwini',212,3),(2889,'Wanica',212,3),(2890,'Hhohho',214,1),(2891,'Lubombo',214,1),(2892,'Manzini',214,1),(2893,'Shiselweni',214,1),(2894,'Blekinge',215,1),(2895,'Dalarnas',215,1),(2896,'Gavleborgs',215,1),(2897,'Gotlands',215,1),(2898,'Hallands',215,1),(2899,'Jamtlands',215,1),(2900,'Jonkopings',215,1),(2901,'Kalmar',215,1),(2902,'Kronobergs',215,1),(2903,'Norrbottens',215,1),(2904,'Orebro',215,1),(2905,'Ostergotlands',215,1),(2906,'Skane',215,1),(2907,'Sodermanlands',215,1),(2908,'Stockholms',215,1),(2909,'Uppsala',215,1),(2910,'Varmlands',215,1),(2911,'Vasterbottens',215,1),(2912,'Vasternorrlands',215,1),(2913,'Vastmanlands',215,1),(2914,'Vastra Gotalands',215,1),(2915,'Aargau',216,1),(2916,'Appenzell Ausser-Rhoden',216,1),(2917,'Appenzell Inner-Rhoden',216,1),(2918,'Basel-Landschaft',216,1),(2919,'Basel-Stadt',216,1),(2920,'Bern',216,1),(2921,'Fribourg',216,1),(2922,'Geneve',216,1),(2923,'Glarus',216,1),(2924,'Graubunden',216,1),(2925,'Jura',216,1),(2926,'Luzern',216,1),(2927,'Neuchatel',216,1),(2928,'Nidwalden',216,1),(2929,'Obwalden',216,1),(2930,'Sankt Gallen',216,1),(2931,'Schaffhausen',216,1),(2932,'Schwyz',216,1),(2933,'Solothurn',216,1),(2934,'Thurgau',216,1),(2935,'Ticino',216,1),(2936,'Uri',216,1),(2937,'Valais',216,1),(2938,'Vaud',216,1),(2939,'Zug',216,1),(2940,'Zurich',216,1),(2941,'Al Hasakah',217,1),(2942,'Al Ladhiqiyah',217,1),(2943,'Al Qunaytirah',217,1),(2944,'Ar Raqqah',217,1),(2945,'As Suwayda',217,1),(2946,'Dara',217,1),(2947,'Dayr az Zawr',217,1),(2948,'Dimashq',217,1),(2949,'Halab',217,1),(2950,'Hamah',217,1),(2951,'Hims',217,1),(2952,'Idlib',217,1),(2953,'Rif Dimashq',217,1),(2954,'Tartus',217,1),(2955,'Chang-hua',218,2),(2956,'Chia-i',218,2),(2957,'Hsin-chu',218,2),(2958,'Hua-lien',218,2),(2959,'I-lan',218,2),(2960,'Kao-hsiung',218,2),(2961,'Kin-men',218,2),(2962,'Lien-chiang',218,2),(2963,'Miao-li',218,2),(2964,'Nan-tou',218,2),(2965,'Peng-hu',218,2),(2966,'Ping-tung',218,2),(2967,'Tai-chung',218,2),(2968,'Tai-nan',218,2),(2969,'Tai-pei',218,2),(2970,'Tai-tung',218,2),(2971,'Tao-yuan',218,2),(2972,'Yun-lin',218,2),(2973,'Chia-i',218,2),(2974,'Chi-lung',218,2),(2975,'Hsin-chu',218,2),(2976,'Tai-chung',218,2),(2977,'Tai-nan',218,2),(2978,'Kao-hsiung city',218,2),(2979,'Tai-pei city',218,2),(2980,'',219,2),(2981,'Arusha',220,1),(2982,'Dar es Salaam',220,1),(2983,'Dodoma',220,1),(2984,'Iringa',220,1),(2985,'Kagera',220,1),(2986,'Kigoma',220,1),(2987,'Kilimanjaro',220,1),(2988,'Lindi',220,1),(2989,'Manyara',220,1),(2990,'Mara',220,1),(2991,'Mbeya',220,1),(2992,'Morogoro',220,1),(2993,'Mtwara',220,1),(2994,'Mwanza',220,1),(2995,'Pemba North',220,1),(2996,'Pemba South',220,1),(2997,'Pwani',220,1),(2998,'Rukwa',220,1),(2999,'Ruvuma',220,1),(3000,'Shinyanga',220,1),(3001,'Singida',220,1),(3002,'Tabora',220,1),(3003,'Tanga',220,1),(3004,'Zanzibar Central/South',220,1),(3005,'Zanzibar North',220,1),(3006,'Zanzibar Urban/West',220,1),(3007,'Amnat Charoen',221,2),(3008,'Ang Thong',221,2),(3009,'Buriram',221,2),(3010,'Chachoengsao',221,2),(3011,'Chai Nat',221,2),(3012,'Chaiyaphum',221,2),(3013,'Chanthaburi',221,2),(3014,'Chiang Mai',221,2),(3015,'Chiang Rai',221,2),(3016,'Chon Buri',221,2),(3017,'Chumphon',221,2),(3018,'Kalasin',221,2),(3019,'Kamphaeng Phet',221,2),(3020,'Kanchanaburi',221,2),(3021,'Khon Kaen',221,2),(3022,'Krabi',221,2),(3023,'Krung Thep Mahanakhon',221,2),(3024,'Lampang',221,2),(3025,'Lamphun',221,2),(3026,'Loei',221,2),(3027,'Lop Buri',221,2),(3028,'Mae Hong Son',221,2),(3029,'Maha Sarakham',221,2),(3030,'Mukdahan',221,2),(3031,'Nakhon Nayok',221,2),(3032,'Nakhon Pathom',221,2),(3033,'Nakhon Phanom',221,2),(3034,'Nakhon Ratchasima',221,2),(3035,'Nakhon Sawan',221,2),(3036,'Nakhon Si Thammarat',221,2),(3037,'Nan',221,2),(3038,'Narathiwat',221,2),(3039,'Nong Bua Lamphu',221,2),(3040,'Nong Khai',221,2),(3041,'Nonthaburi',221,2),(3042,'Pathum Thani',221,2),(3043,'Pattani',221,2),(3044,'Phangnga',221,2),(3045,'Phatthalung',221,2),(3046,'Phayao',221,2),(3047,'Phetchabun',221,2),(3048,'Phetchaburi',221,2),(3049,'Phichit',221,2),(3050,'Phitsanulok',221,2),(3051,'Phra Nakhon Si Ayutthaya',221,2),(3052,'Phrae',221,2),(3053,'Phuket',221,2),(3054,'Prachin Buri',221,2),(3055,'Prachuap Khiri Khan',221,2),(3056,'Ranong',221,2),(3057,'Ratchaburi',221,2),(3058,'Rayong',221,2),(3059,'Roi Et',221,2),(3060,'Sa Kaeo',221,2),(3061,'Sakon Nakhon',221,2),(3062,'Samut Prakan',221,2),(3063,'Samut Sakhon',221,2),(3064,'Samut Songkhram',221,2),(3065,'Sara Buri',221,2),(3066,'Satun',221,2),(3067,'Sing Buri',221,2),(3068,'Sisaket',221,2),(3069,'Songkhla',221,2),(3070,'Sukhothai',221,2),(3071,'Suphan Buri',221,2),(3072,'Surat Thani',221,2),(3073,'Surin',221,2),(3074,'Tak',221,2),(3075,'Trang',221,2),(3076,'Trat',221,2),(3077,'Ubon Ratchathani',221,2),(3078,'Udon Thani',221,2),(3079,'Uthai Thani',221,2),(3080,'Uttaradit',221,2),(3081,'Yala',221,2),(3082,'Yasothon',221,2),(3083,'Kara',223,1),(3084,'Plateaux',223,1),(3085,'Savanes',223,1),(3086,'Centrale',223,1),(3087,'Maritime',223,1),(3088,'',225,2),(3089,'Couva',226,3),(3090,'Diego Martin',226,3),(3091,'Mayaro',226,3),(3092,'Penal',226,3),(3093,'Princes Town',226,3),(3094,'Sangre Grande',226,3),(3095,'San Juan',226,3),(3096,'Siparia',226,3),(3097,'Tunapuna',226,3),(3098,'Port-of-Spain',226,3),(3099,'San Fernando',226,3),(3100,'Arima',226,3),(3101,'Point Fortin',226,3),(3102,'Chaguanas',226,3),(3103,'Tobago',226,3),(3104,'Ariana (Aryanah)',227,1),(3105,'Beja (Bajah)',227,1),(3106,'Ben Arous (Bin Arus)',227,1),(3107,'Bizerte (Banzart)',227,1),(3108,'Gabes (Qabis)',227,1),(3109,'Gafsa (Qafsah)',227,1),(3110,'Jendouba (Jundubah)',227,1),(3111,'Kairouan (Al Qayrawan)',227,1),(3112,'Kasserine (Al Qasrayn)',227,1),(3113,'Kebili (Qibili)',227,1),(3114,'Kef (Al Kaf)',227,1),(3115,'Mahdia (Al Mahdiyah)',227,1),(3116,'Manouba (Manubah)',227,1),(3117,'Medenine (Madanin)',227,1),(3118,'Monastir (Al Munastir)',227,1),(3119,'Nabeul (Nabul)',227,1),(3120,'Sfax (Safaqis)',227,1),(3121,'Sidi Bou Zid (Sidi Bu Zayd)',227,1),(3122,'Siliana (Silyanah)',227,1),(3123,'Sousse (Susah)',227,1),(3124,'Tataouine (Tatawin)',227,1),(3125,'Tozeur (Tawzar)',227,1),(3126,'Tunis',227,1),(3127,'Zaghouan (Zaghwan)',227,1),(3128,'Adana',228,1),(3129,'Adiyaman',228,1),(3130,'Afyonkarahisar',228,1),(3131,'Agri',228,1),(3132,'Aksaray',228,1),(3133,'Amasya',228,1),(3134,'Ankara',228,1),(3135,'Antalya',228,1),(3136,'Ardahan',228,1),(3137,'Artvin',228,1),(3138,'Aydin',228,1),(3139,'Balikesir',228,1),(3140,'Bartin',228,1),(3141,'Batman',228,1),(3142,'Bayburt',228,1),(3143,'Bilecik',228,1),(3144,'Bingol',228,1),(3145,'Bitlis',228,1),(3146,'Bolu',228,1),(3147,'Burdur',228,1),(3148,'Bursa',228,1),(3149,'Canakkale',228,1),(3150,'Cankiri',228,1),(3151,'Corum',228,1),(3152,'Denizli',228,1),(3153,'Diyarbakir',228,1),(3154,'Duzce',228,1),(3155,'Edirne',228,1),(3156,'Elazig',228,1),(3157,'Erzincan',228,1),(3158,'Erzurum',228,1),(3159,'Eskisehir',228,1),(3160,'Gaziantep',228,1),(3161,'Giresun',228,1),(3162,'Gumushane',228,1),(3163,'Hakkari',228,1),(3164,'Hatay',228,1),(3165,'Igdir',228,1),(3166,'Isparta',228,1),(3167,'Istanbul',228,1),(3168,'Izmir',228,1),(3169,'Kahramanmaras',228,1),(3170,'Karabuk',228,1),(3171,'Karaman',228,1),(3172,'Kars',228,1),(3173,'Kastamonu',228,1),(3174,'Kayseri',228,1),(3175,'Kilis',228,1),(3176,'Kirikkale',228,1),(3177,'Kirklareli',228,1),(3178,'Kirsehir',228,1),(3179,'Kocaeli',228,1),(3180,'Konya',228,1),(3181,'Kutahya',228,1),(3182,'Malatya',228,1),(3183,'Manisa',228,1),(3184,'Mardin',228,1),(3185,'Mersin',228,1),(3186,'Mugla',228,1),(3187,'Mus',228,1),(3188,'Nevsehir',228,1),(3189,'Nigde',228,1),(3190,'Ordu',228,1),(3191,'Osmaniye',228,1),(3192,'Rize',228,1),(3193,'Sakarya',228,1),(3194,'Samsun',228,1),(3195,'Sanliurfa',228,1),(3196,'Siirt',228,1),(3197,'Sinop',228,1),(3198,'Sirnak',228,1),(3199,'Sivas',228,1),(3200,'Tekirdag',228,1),(3201,'Tokat',228,1),(3202,'Trabzon',228,1),(3203,'Tunceli',228,1),(3204,'Usak',228,1),(3205,'Van',228,1),(3206,'Yalova',228,1),(3207,'Yozgat',228,1),(3208,'Zonguldak',228,1),(3209,'Ahal Welayaty (Ashgabat)',229,2),(3210,'Balkan Welayaty (Balkanabat)',229,2),(3211,'Dashoguz Welayaty',229,2),(3212,'Lebap Welayaty (Turkmenabat)',229,2),(3213,'Mary Welayaty',229,2),(3214,'Adjumani',232,1),(3215,'Apac',232,1),(3216,'Arua',232,1),(3217,'Bugiri',232,1),(3218,'Bundibugyo',232,1),(3219,'Bushenyi',232,1),(3220,'Busia',232,1),(3221,'Gulu',232,1),(3222,'Hoima',232,1),(3223,'Iganga',232,1),(3224,'Jinja',232,1),(3225,'Kabale',232,1),(3226,'Kabarole',232,1),(3227,'Kaberamaido',232,1),(3228,'Kalangala',232,1),(3229,'Kampala',232,1),(3230,'Kamuli',232,1),(3231,'Kamwenge',232,1),(3232,'Kanungu',232,1),(3233,'Kapchorwa',232,1),(3234,'Kasese',232,1),(3235,'Katakwi',232,1),(3236,'Kayunga',232,1),(3237,'Kibale',232,1),(3238,'Kiboga',232,1),(3239,'Kisoro',232,1),(3240,'Kitgum',232,1),(3241,'Kotido',232,1),(3242,'Kumi',232,1),(3243,'Kyenjojo',232,1),(3244,'Lira',232,1),(3245,'Luwero',232,1),(3246,'Masaka',232,1),(3247,'Masindi',232,1),(3248,'Mayuge',232,1),(3249,'Mbale',232,1),(3250,'Mbarara',232,1),(3251,'Moroto',232,1),(3252,'Moyo',232,1),(3253,'Mpigi',232,1),(3254,'Mubende',232,1),(3255,'Mukono',232,1),(3256,'Nakapiripirit',232,1),(3257,'Nakasongola',232,1),(3258,'Nebbi',232,1),(3259,'Ntungamo',232,1),(3260,'Pader',232,1),(3261,'Pallisa',232,1),(3262,'Rakai',232,1),(3263,'Rukungiri',232,1),(3264,'Sembabule',232,1),(3265,'Sironko',232,1),(3266,'Soroti',232,1),(3267,'Tororo',232,1),(3268,'Wakiso',232,1),(3269,'Yumbe',232,1),(3270,'Cherkasy',233,1),(3271,'Chernihiv',233,1),(3272,'Chernivtsi',233,1),(3273,'Crimea',233,1),(3274,'Dnipropetrovsk',233,1),(3275,'Donetsk',233,1),(3276,'Ivano-Frankivsk',233,1),(3277,'Kharkiv',233,1),(3278,'Kherson',233,1),(3279,'Khmelnytskyy',233,1),(3280,'Kirovohrad',233,1),(3281,'Kiev',233,1),(3282,'Kyyiv',233,1),(3283,'Luhansk',233,1),(3284,'Lviv',233,1),(3285,'Mykolayiv',233,1),(3286,'Odesa',233,1),(3287,'Poltava',233,1),(3288,'Rivne',233,1),(3289,'Sevastopol',233,1),(3290,'Sumy',233,1),(3291,'Ternopil',233,1),(3292,'Vinnytsya',233,1),(3293,'Volyn',233,1),(3294,'Zakarpattya',233,1),(3295,'Zaporizhzhya',233,1),(3296,'Zhytomyr',233,1),(3297,'Abu Dhabi',234,1),(3298,'Ajman',234,1),(3299,'Al Fujayrah',234,1),(3300,'Sharjah',234,1),(3301,'Dubai',234,1),(3302,'Ras al Khaymah',234,1),(3303,'Umm al Qaywayn',234,1),(3304,'',235,1),(3305,'Alabama',236,3),(3306,'Alaska',236,3),(3307,'Arizona',236,3),(3308,'Arkansas',236,3),(3309,'California',236,3),(3310,'Colorado',236,3),(3311,'Connecticut',236,3),(3312,'Delaware',236,3),(3313,'District of Columbia',236,3),(3314,'Florida',236,3),(3315,'Georgia',236,3),(3316,'Hawaii',236,3),(3317,'Idaho',236,3),(3318,'Illinois',236,3),(3319,'Indiana',236,3),(3320,'Iowa',236,3),(3321,'Kansas',236,3),(3322,'Kentucky',236,3),(3323,'Louisiana',236,3),(3324,'Maine',236,3),(3325,'Maryland',236,3),(3326,'Massachusetts',236,3),(3327,'Michigan',236,3),(3328,'Minnesota',236,3),(3329,'Mississippi',236,3),(3330,'Missouri',236,3),(3331,'Montana',236,3),(3332,'Nebraska',236,3),(3333,'Nevada',236,3),(3334,'New Hampshire',236,3),(3335,'New Jersey',236,3),(3336,'New Mexico',236,3),(3337,'New York',236,3),(3338,'North Carolina',236,3),(3339,'North Dakota',236,3),(3340,'Ohio',236,3),(3341,'Oklahoma',236,3),(3342,'Oregon',236,3),(3343,'Pennsylvania',236,3),(3344,'Rhode Island',236,3),(3345,'South Carolina',236,3),(3346,'South Dakota',236,3),(3347,'Tennessee',236,3),(3348,'Texas',236,3),(3349,'Utah',236,3),(3350,'Vermont',236,3),(3351,'Virginia',236,3),(3352,'Washington',236,3),(3353,'West Virginia',236,3),(3354,'Wisconsin',236,3),(3355,'Wyoming',236,3),(3356,'Artigas',238,3),(3357,'Canelones',238,3),(3358,'Cerro Largo',238,3),(3359,'Colonia',238,3),(3360,'Durazno',238,3),(3361,'Flores',238,3),(3362,'Florida',238,3),(3363,'Lavalleja',238,3),(3364,'Maldonado',238,3),(3365,'Montevideo',238,3),(3366,'Paysandu',238,3),(3367,'Rio Negro',238,3),(3368,'Rivera',238,3),(3369,'Rocha',238,3),(3370,'Salto',238,3),(3371,'San Jose',238,3),(3372,'Soriano',238,3),(3373,'Tacuarembo',238,3),(3374,'Treinta y Tres',238,3),(3375,'Andijon Viloyati',239,2),(3376,'Buxoro Viloyati',239,2),(3377,'Fargona Viloyati',239,2),(3378,'Jizzax Viloyati',239,2),(3379,'Namangan Viloyati',239,2),(3380,'Navoiy Viloyati',239,2),(3381,'Qashqadaryo Viloyati',239,2),(3382,'Qaraqalpogiston Respublikasi',239,2),(3383,'Samarqand Viloyati',239,2),(3384,'Sirdaryo Viloyati',239,2),(3385,'Surxondaryo Viloyati',239,2),(3386,'Toshkent Shahri',239,2),(3387,'Toshkent Viloyati',239,2),(3388,'Xorazm Viloyati',239,2),(3389,'Malampa',240,2),(3390,'Penama',240,2),(3391,'Sanma',240,2),(3392,'Shefa',240,2),(3393,'Tafea',240,2),(3394,'Torba',240,2),(3395,'Amazonas',241,3),(3396,'Anzoategui',241,3),(3397,'Apure',241,3),(3398,'Aragua',241,3),(3399,'Barinas',241,3),(3400,'Bolivar',241,3),(3401,'Carabobo',241,3),(3402,'Cojedes',241,3),(3403,'Delta Amacuro',241,3),(3404,'Dependencias Federales',241,3),(3405,'Distrito Federal',241,3),(3406,'Falcon',241,3),(3407,'Guarico',241,3),(3408,'Lara',241,3),(3409,'Merida',241,3),(3410,'Miranda',241,3),(3411,'Monagas',241,3),(3412,'Nueva Esparta',241,3),(3413,'Portuguesa',241,3),(3414,'Sucre',241,3),(3415,'Tachira',241,3),(3416,'Trujillo',241,3),(3417,'Vargas',241,3),(3418,'Yaracuy',241,3),(3419,'Zulia',241,3),(3420,'An Giang',242,2),(3421,'Bac Giang',242,2),(3422,'Bac Kan',242,2),(3423,'Bac Lieu',242,2),(3424,'Bac Ninh',242,2),(3425,'Ba Ria-Vung Tau',242,2),(3426,'Ben Tre',242,2),(3427,'Binh Dinh',242,2),(3428,'Binh Duong',242,2),(3429,'Binh Phuoc',242,2),(3430,'Binh Thuan',242,2),(3431,'Ca Mau',242,2),(3432,'Cao Bang',242,2),(3433,'Dac Lak',242,2),(3434,'Dac Nong',242,2),(3435,'Dien Bien',242,2),(3436,'Dong Nai',242,2),(3437,'Dong Thap',242,2),(3438,'Gia Lai',242,2),(3439,'Ha Giang',242,2),(3440,'Hai Duong',242,2),(3441,'Ha Nam',242,2),(3442,'Ha Tay',242,2),(3443,'Ha Tinh',242,2),(3444,'Hau Giang',242,2),(3445,'Hoa Binh',242,2),(3446,'Hung Yen',242,2),(3447,'Khanh Hoa',242,2),(3448,'Kien Giang',242,2),(3449,'Kon Tum',242,2),(3450,'Lai Chau',242,2),(3451,'Lam Dong',242,2),(3452,'Lang Son',242,2),(3453,'Lao Cai',242,2),(3454,'Long An',242,2),(3455,'Nam Dinh',242,2),(3456,'Nghe An',242,2),(3457,'Ninh Binh',242,2),(3458,'Ninh Thuan',242,2),(3459,'Phu Tho',242,2),(3460,'Phu Yen',242,2),(3461,'Quang Binh',242,2),(3462,'Quang Nam',242,2),(3463,'Quang Ngai',242,2),(3464,'Quang Ninh',242,2),(3465,'Quang Tri',242,2),(3466,'Soc Trang',242,2),(3467,'Son La',242,2),(3468,'Tay Ninh',242,2),(3469,'Thai Binh',242,2),(3470,'Thai Nguyen',242,2),(3471,'Thanh Hoa',242,2),(3472,'Thua Thien-Hue',242,2),(3473,'Tien Giang',242,2),(3474,'Tra Vinh',242,2),(3475,'Tuyen Quang',242,2),(3476,'Vinh Long',242,2),(3477,'Vinh Phuc',242,2),(3478,'Yen Bai',242,2),(3479,'Can Tho',242,2),(3480,'Da Nang',242,2),(3481,'Hai Phong',242,2),(3482,'Hanoi',242,2),(3483,'Ho Chi Minh',242,2),(3484,'Abyan',247,1),(3485,'Adan',247,1),(3486,'Ad Dali',247,1),(3487,'Al Bayda',247,1),(3488,'Al Hudaydah',247,1),(3489,'Al Jawf',247,1),(3490,'Al Mahrah',247,1),(3491,'Al Mahwit',247,1),(3492,'Amran',247,1),(3493,'Dhamar',247,1),(3494,'Hadramawt',247,1),(3495,'Hajjah',247,1),(3496,'Ibb',247,1),(3497,'Lahij',247,1),(3498,'Marib',247,1),(3499,'Sadah',247,1),(3500,'Sana',247,1),(3501,'Shabwah',247,1),(3502,'Taizz',247,1),(3503,'Central',248,1),(3504,'Copperbelt',248,1),(3505,'Eastern',248,1),(3506,'Luapula',248,1),(3507,'Lusaka',248,1),(3508,'Northern',248,1),(3509,'North-Western',248,1),(3510,'Southern',248,1),(3511,'Western',248,1),(3512,'Bulawayo',249,1),(3513,'Harare',249,1),(3514,'Manicaland',249,1),(3515,'Mashonaland Central',249,1),(3516,'Mashonaland East',249,1),(3517,'Mashonaland West',249,1),(3518,'Masvingo',249,1),(3519,'Matabeleland North',249,1),(3520,'Matabeleland South',249,1),(3521,'Midlands',249,1);
/*!40000 ALTER TABLE `assessment_app_countrystatemapping` ENABLE KEYS */;
UNLOCK TABLES;

--
-- Table structure for table `assessment_app_elscategorymaster`
--

DROP TABLE IF EXISTS `assessment_app_elscategorymaster`;
/*!40101 SET @saved_cs_client     = @@character_set_client */;
/*!50503 SET character_set_client = utf8mb4 */;
CREATE TABLE `assessment_app_elscategorymaster` (
  `id` int(11) NOT NULL AUTO_INCREMENT,
  `category_name` varchar(500) NOT NULL,
  `category_description` varchar(500) NOT NULL,
  `is_delete` tinyint(1) NOT NULL,
  `added_on` datetime(6) DEFAULT NULL,
  `modified_on` datetime(6) NOT NULL,
  `added_by_id` int(11) DEFAULT NULL,
  `four_P_category_id` int(11) NOT NULL,
  `modified_by_id` int(11) DEFAULT NULL,
  PRIMARY KEY (`id`),
  KEY `assessment_app_elsca_four_P_category_id_c21b1536_fk_assessmen` (`four_P_category_id`),
  KEY `assessment_app_elsca_modified_by_id_1399fe1f_fk_auth_user` (`modified_by_id`),
  KEY `assessment_app_elsca_added_by_id_8e3654e3_fk_auth_user` (`added_by_id`),
  CONSTRAINT `assessment_app_elsca_added_by_id_8e3654e3_fk_auth_user` FOREIGN KEY (`added_by_id`) REFERENCES `auth_user` (`id`),
  CONSTRAINT `assessment_app_elsca_four_P_category_id_c21b1536_fk_assessmen` FOREIGN KEY (`four_P_category_id`) REFERENCES `assessment_app_fourpmaster` (`id`),
  CONSTRAINT `assessment_app_elsca_modified_by_id_1399fe1f_fk_auth_user` FOREIGN KEY (`modified_by_id`) REFERENCES `auth_user` (`id`)
) ENGINE=InnoDB AUTO_INCREMENT=23 DEFAULT CHARSET=latin1;
/*!40101 SET character_set_client = @saved_cs_client */;

--
-- Dumping data for table `assessment_app_elscategorymaster`
--

LOCK TABLES `assessment_app_elscategorymaster` WRITE;
/*!40000 ALTER TABLE `assessment_app_elscategorymaster` DISABLE KEYS */;
INSERT INTO `assessment_app_elscategorymaster` VALUES (1,'EHS','Employee Health Scheme',0,'2021-06-23 00:26:04.704023','2021-06-28 23:22:16.836594',2,1,2),(2,'5S','Five Scheme',0,'2021-06-28 23:23:03.730734','2021-06-28 23:23:03.730734',2,1,2),(3,'Visual Enterprise','Sample',0,'2021-07-01 15:25:20.575866','2021-07-01 15:25:20.575866',2,1,2),(4,'Metrics','Sample',0,'2021-07-01 15:27:18.916047','2021-07-01 15:27:18.916047',2,1,2),(5,'Standard Work','Sample',0,'2021-07-01 15:28:02.550018','2021-07-01 15:28:02.550018',2,1,2),(6,'People','Sample',0,'2021-07-01 15:29:44.326558','2021-07-01 15:29:44.326558',2,2,2),(7,'Skill Building/Training','Sample',0,'2021-07-01 15:30:29.138721','2021-07-01 15:30:29.138721',2,2,2),(8,'Continuous Improvement Structure','Sample',0,'2021-07-01 15:31:19.154759','2021-07-01 15:31:19.154759',2,2,2),(9,'Customer Integration','Sample',0,'2021-07-01 15:32:01.657691','2021-07-01 15:32:01.657691',2,2,2),(10,'Managing for Daily Improvement (MDI)','Sample',0,'2021-07-01 15:33:40.041257','2021-07-01 15:33:40.041257',2,3,2),(11,'Continuous Improvement Plan','Sample',0,'2021-07-01 15:34:27.390793','2021-07-01 15:34:27.390793',2,3,2),(12,'Creating Flow','Sample',0,'2021-07-01 15:35:13.971293','2021-07-01 15:35:13.971293',2,3,2),(13,'Quality Processes','Sample',0,'2021-07-01 15:35:59.219041','2021-07-01 15:35:59.219041',2,3,2),(14,'TPM Program','Sample',0,'2021-07-01 15:36:45.975843','2021-07-01 15:36:45.975843',2,3,2),(15,'DFLSS/Production Preparation Process (3P)','Sample',0,'2021-07-01 15:37:32.997502','2021-07-01 15:37:32.997502',2,3,2),(16,'JIT (Pull System)','Sample',0,'2021-07-01 15:38:13.362051','2021-07-01 15:38:13.362051',2,3,2),(17,'Supplier Management','Sample',0,'2021-07-01 15:39:03.887325','2021-07-01 15:39:03.887325',2,3,2),(18,'Setup/Changeover Reduction','Sample',0,'2021-07-01 15:39:46.956443','2021-07-01 15:39:46.956443',2,4,2),(19,'Delivery Performance','Sample',0,'2021-07-01 15:40:23.292294','2021-07-01 15:40:23.292294',2,4,2),(20,'DMAIC Methodology','Sample',0,'2021-07-01 15:42:28.214701','2021-07-01 15:42:28.214701',2,4,2),(21,'Value Stream Mapping','Sample',0,'2021-07-01 15:43:09.032233','2021-07-01 15:43:09.032233',2,4,2),(22,'Use of Six Sigma & Lean Tools','Sample',0,'2021-07-01 15:43:47.376953','2021-07-01 15:43:47.376953',2,4,2);
/*!40000 ALTER TABLE `assessment_app_elscategorymaster` ENABLE KEYS */;
UNLOCK TABLES;

--
-- Table structure for table `assessment_app_elscategoryratingmaster`
--

DROP TABLE IF EXISTS `assessment_app_elscategoryratingmaster`;
/*!40101 SET @saved_cs_client     = @@character_set_client */;
/*!50503 SET character_set_client = utf8mb4 */;
CREATE TABLE `assessment_app_elscategoryratingmaster` (
  `id` int(11) NOT NULL AUTO_INCREMENT,
  `score` int(11) NOT NULL,
  `description` varchar(2000) NOT NULL,
  `added_on` datetime(6) DEFAULT NULL,
  `modified_on` datetime(6) NOT NULL,
  `added_by_id` int(11) DEFAULT NULL,
  `els_category_id` int(11) NOT NULL,
  `modified_by_id` int(11) DEFAULT NULL,
  PRIMARY KEY (`id`),
  KEY `assessment_app_elsca_added_by_id_ee8064ea_fk_auth_user` (`added_by_id`),
  KEY `assessment_app_elsca_els_category_id_3bcded73_fk_assessmen` (`els_category_id`),
  KEY `assessment_app_elsca_modified_by_id_c6305507_fk_auth_user` (`modified_by_id`),
  CONSTRAINT `assessment_app_elsca_added_by_id_ee8064ea_fk_auth_user` FOREIGN KEY (`added_by_id`) REFERENCES `auth_user` (`id`),
  CONSTRAINT `assessment_app_elsca_els_category_id_3bcded73_fk_assessmen` FOREIGN KEY (`els_category_id`) REFERENCES `assessment_app_elscategorymaster` (`id`),
  CONSTRAINT `assessment_app_elsca_modified_by_id_c6305507_fk_auth_user` FOREIGN KEY (`modified_by_id`) REFERENCES `auth_user` (`id`)
) ENGINE=InnoDB AUTO_INCREMENT=111 DEFAULT CHARSET=latin1;
/*!40101 SET character_set_client = @saved_cs_client */;

--
-- Dumping data for table `assessment_app_elscategoryratingmaster`
--

LOCK TABLES `assessment_app_elscategoryratingmaster` WRITE;
/*!40000 ALTER TABLE `assessment_app_elscategoryratingmaster` DISABLE KEYS */;
INSERT INTO `assessment_app_elscategoryratingmaster` VALUES (1,1,'OSHA or other regulatory requirements have not been met.  Limited number of safety initiatives and ongoing proactive processes exist.  Employees are not trained on safety requirements.','2021-06-23 00:58:51.643363','2021-06-28 23:22:16.870512',2,1,2),(2,2,'Safety metrics and goals exist, however they are not broadly understood nor visible throughout site.  Less than 50% of employees are trained on basic safety requirements.','2021-06-23 00:58:52.669294','2021-06-28 23:22:16.894467',2,1,2),(3,3,'Safety communication meetings are held regularly at some levels in the organization.  Safety goals, metrics, and improvement initiatives are broadly understood and visible throughout the site.  All employees are trained on safety programs and processes, however schedules do not exist for ongoing refresher training.   ','2021-06-23 00:58:53.745172','2021-06-28 23:22:16.916403',2,1,2),(4,4,'Safety programs are documented with metrics, goals, and ongoing initiatives for prevention and continuous improvement - these are broadly understood and visually displayed in site.  Results goals are being achieved.  Safety communication meetings are held regularly at all levels within the organization. All employees are proactive about safety, recognizing potential hazards & responding by implementing corrective actions immediately.   ','2021-06-23 00:58:55.076328','2021-06-28 23:22:16.942312',2,1,2),(5,5,'Site has achieved VPP certification.  All employees are trained regularly on safety programs and safe practices with link to performance appraisal system.  Best in class performance goals are being achieved.','2021-06-23 00:58:56.239011','2021-06-28 23:22:16.966279',2,1,2),(6,1,'5S process has not been \"officially\" started in site.  Beginning stages of 5-S implementation exist.','2021-06-28 23:23:03.756635','2021-06-28 23:23:03.756635',2,2,2),(7,2,'5S as a process is in beginning implementation stages.   Operational areas are 100% sorted.  \"Set in Order\" has been been established in 25 - 50% of site and there is visible evidence to support it.  Shadow boards and other types of visual controls are beginning to be deployed.  Safety visual controls not fully addressed as part of 5S. ','2021-06-28 23:23:03.777580','2021-06-28 23:23:03.777580',2,2,2),(8,3,'Sort and set-in-order have been done with ongoing sustainment throughout entire site and there is visible evidence to support it (operational and office areas) .  All equipment, pathways, safety zones, supplies have been labeled and foot-printed with site standardized methods.  Shine has been completed in 50% of the site.   Ongoing 5S responsibilities are clear, with all areas of site having an owner with respect to 5S.  Ongoing sustainment and audit process exists throughout site for sort and set-in-order.','2021-06-28 23:23:03.797525','2021-06-28 23:23:03.797525',2,2,2),(9,4,'Sort, Set in Order and Shine have been implemented in entire site with ongoing sustainment and there is visible evidence to support it (operational and office areas).  A designated place for everything exists and everything is in its place ongoing.  Structured process exists throughout site to maintain ongoing cleanliness.  5S inspection audits are performed regularly, with participation by site management & progress is visually displayed for each area.','2021-06-28 23:23:03.829468','2021-06-28 23:23:03.829468',2,2,2),(10,5,'All 5S has been sustained within all areas of the site for an extended period of time.  Standards are continuously improving to keep with the continuous improvement philosophy.  Management is personally involved in 5S activities & assessments.  5S is a part of all site employees\' GPS. ','2021-06-28 23:23:03.849414','2021-06-28 23:23:03.849414',2,2,2),(11,1,'Minimal visual controls in site.  Site has designated central area to post divisional/company performance metrics & other information, however it may not be updated at all times.  Less than 25% of work areas have visual display boards to capture work area performance metrics, hour by hour charts, safety & 5S information.   ','2021-07-01 15:25:20.607781','2021-07-01 15:25:20.607781',2,3,2),(12,2,'Site has implemented visual metrics and supporting controls in both operations & office areas (example-inventory control lines).  Labeling, marking & foot-printing has been implemented in 50% of site to indicate inventory locations, movable items, and safety controls.  50% of work areas have visual displays that have updated team performance metrics, standard work, 5S information & hour by hour charts. ','2021-07-01 15:25:20.633695','2021-07-01 15:25:20.633695',2,3,2),(13,3,'All display boards throughout site have performance metrics that are related to its given audience that are updated regularly.  All equipment, safety zones, inventory areas, and movable items have been visually designated according to established standards.  Site has begun to implement methods to display hour by hour and daily performance against targets.  Continuous Improvement ideas & activities are tracked & visually displayed in site.  Employees can visually see what and how many continuous improvement ideas, kaizen events, and projects are going on in facility. ','2021-07-01 15:25:20.656628','2021-07-01 15:25:20.656628',2,3,2),(14,4,'Visual displays and controls are maintained by area employees to ensure proper visual management in site. Andon signals have been put in place in necessary operations with a structured and followed response plan.  Office areas are using visual indicators throughout transactional processes.  Visual management is used in supply areas & performance metrics are visually displayed so office personnel know how they stand as against targets.','2021-07-01 15:25:20.688564','2021-07-01 15:25:20.688564',2,3,2),(15,5,'Site is a complete visual enterprise.  Both office employees and operations employees can visually see performance metrics and can visually manage their day to day operations. ','2021-07-01 15:25:20.709503','2021-07-01 15:25:20.709503',2,3,2),(16,1,'Little to no metrics tracking in business.  Metrics may not be aligned with Corporate strategy.  Metrics have been defined for top business levels only.  Little or no metrics are visually displayed in site.','2021-07-01 15:27:18.963907','2021-07-01 15:27:18.963907',2,4,2),(17,2,'Site has developed a process for alignment of metrics with focus on production and lilmited alignment with support functions.   Metrics are visually displayed with limited connection to top level metrics.  A process exists for updating metrics.  Few metrics are visually displayed in site.','2021-07-01 15:27:18.995814','2021-07-01 15:27:18.995814',2,4,2),(18,3,'Organization has aligned metrics at all levels.  Metrics roll up to top level goals.  Metrics are visually displayed throughout site and goals, targets & performance are regularly communicated with those employees responsible for impacting the metrics.','2021-07-01 15:27:19.024730','2021-07-01 15:27:19.024730',2,4,2),(19,4,'Metrics reviews occur on a regular basis and action plan process exists forperformance below targets.  Formal process exists and is followed for updating metrics and driving improvement plans.','2021-07-01 15:27:19.056636','2021-07-01 15:27:19.056636',2,4,2),(20,5,'Metrics have been developed for all business groups/levels and are actionable and are visually displayed at employees point of use, and employees are knowledgeable on how they impact their respective metrics.  Division metrics roll up to corporate strategies & goals. ','2021-07-01 15:27:19.086549','2021-07-01 15:27:19.086549',2,4,2),(21,1,'Work methods determined by individuals.  No documented work instructions, no standard time.  ','2021-07-01 15:28:02.574915','2021-07-01 15:28:02.574915',2,5,2),(22,2,'Some work instructions exist, but they may not be located at actual operation.  Standard time is in its beginning stages, some time studies have been completed.  50% of processes that require standard operating sheets have been identified.  ','2021-07-01 15:28:02.599894','2021-07-01 15:28:02.599894',2,5,2),(23,3,'Standard work layouts and procedures have been implemented in less than 50% of cells.  Less than 50% of operations are performed in a standardized manner as a result of individual operator efforts.  Some work is balanced but not to takt.  A document change process exists, but is executed inconsistently.','2021-07-01 15:28:02.620781','2021-07-01 15:28:02.620781',2,5,2),(24,4,'Standard work has been deployed throughout all operational work cells.  50% of cells are using takt as the pacing element.  Changes to standard work are communicated and implemented in a seamless manner and revisions are controlled & documented.','2021-07-01 15:28:02.639760','2021-07-01 15:28:02.639760',2,5,2),(25,5,'Standard work is implemented and documented in all areas of site and consistently followed.  Work balancing has been implemented and is aligned to takt time.  All workstations have posted standard work visuals displaying takt time, operation sequence and manual/auto time and standard methods.  Adherence to standard work is clearly ingrained in the culture of the employees.   All areas visually display hour by hour performance to takt.','2021-07-01 15:28:02.664654','2021-07-01 15:28:02.664654',2,5,2),(26,1,'Little to no knowledge or training on ELS methods and principles within site.  Upper management has basic knowledge/training on ELS system, but is unsure of the benefits and skepticalof the approach.','2021-07-01 15:29:44.349518','2021-07-01 15:29:44.349518',2,6,2),(27,2,'Upper management realizes the need for change and is open to new ideas.  Management is frequently unaware of the conditions on the shop floor - only FLL\'s know real problems.  Middle managment and FLL\'s have basic knowledge and training on ELS system.  50% or more of the local organization recognize the need for and are open to changes.  ','2021-07-01 15:29:44.369430','2021-07-01 15:29:44.369430',2,6,2),(28,3,'50% or more of all employees have an intermediate level of understanding and training on ELS system.  Management works on known problems presented by FLL\'s by investigating root causes and using a \"go & see\" approach.  Upper management is prepared to provide 100% support going forward and exhibits a \"whatever it takes\" attitude.  All employees are encouraged to participate in ELS activities with more than 50% having been part of specific ELS improvement events and projects.   All employees have ELS participation goals included in their GPS. ','2021-07-01 15:29:44.392366','2021-07-01 15:29:44.392366',2,6,2),(29,4,'All employees have had some sort of formal ELS training.  Change is welcomed throughout site by site employees.  Management approach to problem solving is proactive with focus on MDI process, root cause problen-solving, and actively and visibly supporting the operation.','2021-07-01 15:29:44.415303','2021-07-01 15:29:44.415303',2,6,2),(30,5,'All employees are fully knowledgeable and have had formal training on ELS.  Employees have realized the importance of a continuous improvement environment and participate in CI events regularly.  All levels of management understand conditions throughout site.  There is a formal system for providing fact-based performance reviews, feedback, and coaching to employees.  Ongoing processes exist to maintain effective, open and honest communications between leadership and the total organization.','2021-07-01 15:29:44.444250','2021-07-01 15:29:44.444250',2,6,2),(31,1,'No formal training or skill building programs in place in site.  Operators are not cross-trained and most workers can only do one job.  There is no formal process for qualifying operators and all training is \"hands-on.\" ','2021-07-01 15:30:29.160661','2021-07-01 15:30:29.160661',2,7,2),(32,2,'50% of operators have been cross-trained and know more than one job.  Most employee training is limited to basic job skills only.  Employees are beginning to attend continuous improvement/ELS-related training sessions.  ','2021-07-01 15:30:29.189612','2021-07-01 15:30:29.189612',2,7,2),(33,3,'A formal process exists for cross-training team members.  Training is driven by continuous improvement, operationally-based needs.  Skill levels are formally tracked in a training matrix and are posted on area team boards. ','2021-07-01 15:30:29.219503','2021-07-01 15:30:29.219503',2,7,2),(34,4,'Qualification boards are displayed in all areas with plans for upcoming training opportunities.  Boards are regularly updated with training metrics and skills matrices.  A structured training program is used to develop skills based on specific business, operational, and organizational needs.  A plan is in place to manage training activity and results.','2021-07-01 15:30:29.240475','2021-07-01 15:30:29.240475',2,7,2),(35,5,'Advanced knowledge training occurs and is linked to advancement opportunities.  A pre-hire training program exists to certify potential employees.  Training strategy and priorities are updated on an ongoing basis to maintain alignment with business, operational, and organizational needs.  All employees in site have been through some form of continuous improvement/ELS-related training.','2021-07-01 15:30:29.268401','2021-07-01 15:30:29.268401',2,7,2),(36,1,'No formal CI structure in place within site or division.  Site/division has begun to assess its CI infrastructure needs.  ','2021-07-01 15:31:19.179458','2021-07-01 15:31:19.179458',2,8,2),(37,2,'CI Site Champion(s) - (depending on size of site)  has been designated and he/she knows their responsibilities.  CI training has begun in site, at both the employee and supervisor level.  CI Champion works at least 50% on CI opportunities in the site.  Works with employees to train and support them on CI tools and opportunities.  ','2021-07-01 15:31:19.199071','2021-07-01 15:31:19.199071',2,8,2),(38,3,'Site has a 100% dedicated CI Champion in place, working with employees on CI projects and strategy on an ongoing basis.  A divisional CI role has been established with helps the site CI Champion identify and prioritize those projects which will heavily impact the business, or are critical to business strategy.  50% of employees have participated in some sort of CI event and there is visible evidence to support this metric.','2021-07-01 15:31:19.227164','2021-07-01 15:31:19.227164',2,8,2),(39,4,'The divisional senior leadership team works with CI Champions to prioritze projects based on AOP, EVA analsyis & division/corporate strategic goals.  The senior leadership team helps set the vision for the CI Organization within the division.  75% of employees within site have participated in CI events.  A visual display shows planned CI events and progress made towards CI goals.','2021-07-01 15:31:19.248707','2021-07-01 15:31:19.248707',2,8,2),(40,5,'Employees volunteer for CI events and lead or co-lead events and projects, with active leadership team sponsorship.  CI Champion can depend on site employees to help carry out improvement projects and events without he/she being 100% fully dedicated to the projects.  Formal process exists to maintain alignment of CI strategy and prioritization based on ongoing business and operational needs.','2021-07-01 15:31:19.278819','2021-07-01 15:31:19.278819',2,8,2),(41,1,'No customer integration into other functions within division.  There is no training available to internal resources and standardized customer experience is not a requirement to the business.  No common language is spoken and relationships with customers are primarily transaction based.','2021-07-01 15:32:01.679628','2021-07-01 15:32:01.679628',2,9,2),(42,2,'Key business information is shared with and from customers.  Training has begun to identify proper customer relations and how to standardize the customer/consumer experience.  Touch points are given some standard material related to the customer experience, however common language is inconsistent in most interactions and few existing questions or future opportunities are identified.','2021-07-01 15:32:01.699573','2021-07-01 15:32:01.699573',2,9,2),(43,3,'There is evidence of cross-functional information sharing both from and back to the customer.  Most employees are aware of product function and value provided to customers and consumers..  Common language associated with products and services is used amongst departments but not across the division.  ','2021-07-01 15:32:01.721513','2021-07-01 15:32:01.721513',2,9,2),(44,4,'Fully integrated processes with key customers and channel partners.  Customer/consumer experience training is available and mandatory for select departments with desk reference material available.  Common language surfaces across departments with those resources utilizing the materials. ','2021-07-01 15:32:01.746477','2021-07-01 15:32:01.746477',2,9,2),(45,5,'Full partnership with most customers and channel partners.  Customer experience training is mandatory for all touch points as well as available desk reference material.  Common language is spoken at all customer touch points.  ','2021-07-01 15:32:01.767391','2021-07-01 15:32:01.767391',2,9,2),(46,1,'No MDI process in site.  Some daily meetings take place to address production issues only.  Problems are communicated to management, however response is slow and the status often unclear.  Shop floor performance is known by high level financial reports only.','2021-07-01 15:33:40.068199','2021-07-01 15:33:40.068199',2,10,2),(47,2,'Daily meetings (may be shift change meetings) are addressing operational issues, employee issues, CI opportunities, etc.  Employees are assigned tasks and/or action items during MDI meetings.','2021-07-01 15:33:40.100423','2021-07-01 15:33:40.100423',2,10,2),(48,3,'Management takes part in daily MDI meetings and is also responsible for action items & deliverables.  Visual displays are used to drive the agenda, track relevant metrics and countermeasures.  A transistion from \"firefighting\" to proactive issue management is beginning to take place.  Metrics being tracked in MDI process are aligned to division strategic goals and are metrics that employees can actually impact.  The MDI leadership & meeting structure has been established to support CI activities.','2021-07-01 15:33:40.122382','2021-07-01 15:33:40.122382',2,10,2),(49,4,'There is evidence of significant improvements and issue resolution due to the use of the MDI process.  MDI processes exist at cell and support team level as well as for site operation overall.  FLL/team leaders spend at least 50% of their time focused on continuous improvement.  Leadership utilizes MDI process to maintain ongoing priotitization and alignment.  ','2021-07-01 15:33:40.146290','2021-07-01 15:33:40.146290',2,10,2),(50,5,'PLT members regularly participates in MDI meetings.  Employees lead or co-lead MDI meetings and are able to work within the MDI process to resolve issues immediately and spend time focused on CI activities.  Cell and support team level MDI processes are fully self-sustaining and occurs without ongoing requiring management intervention.','2021-07-01 15:33:40.180198','2021-07-01 15:33:40.180198',2,10,2),(51,1,'No CI strategy nor plans have been developed at the site/division.  Little evidence of a kaizen mentality.','2021-07-01 15:34:27.410732','2021-07-01 15:34:27.410732',2,11,2),(52,2,'A CI strategy and plan has been identified and is managed ongoing at the site in conjunction with site management and key change agents in site.  Occasional kaizen event is conducted to facilitate improvement and develop the culture.','2021-07-01 15:34:27.433671','2021-07-01 15:34:27.433671',2,11,2),(53,3,'CI plans have been developed across division and communicated back to key managers and change agents.  A formal process with alloted time exists to maintain strategy and planning for contiuous improvement.  A formal structure and process exists to align with business/operational needs and respond to employee ideas for improvement.  The PLT regularly reviews CI strategy and plans and drives prioritization and opportunity analysis based upon business objectives.  Some value stream mapping is utilized to identify improvement opportunities.  Kaizen rate at least 1 team per 300 employees per month ','2021-07-01 15:34:27.472563','2021-07-01 15:34:27.472563',2,11,2),(54,4,'Business unit level value stream mapping is utilized to identify and prioritize high-return improvement opportunities.  A formal prioritization process is used to identify and drive high-benefit opportunities.  The use of 30, 60,and 90 day follow-up process to improvement events is consistently followed to ensure CI results do not diminish as time goes on.  Kaizen rate at least 1 team per 200 employees per month ','2021-07-01 15:34:27.493518','2021-07-01 15:34:27.493518',2,11,2),(55,5,'CI opportunity analysis, prioritization, and implementation is aligned ongoing with short term and long term strategic plans.  Employees are actively engaged in CI events, know how to surface improvement opportunities, and are proactive in taking action to address the opportunities.  Employees have and utilize a formal process to present impprovement ideas needing support to management and know what they can expect as follow-up.  CI activities are visibly documented throughout the site.  The ongoing CI plan can be seen as directly contributing to the site\'s meeting or exceeding AOP key performance metrics goals.  Kaizen rate at least 1 team per 100 employees per month ','2021-07-01 15:34:27.518442','2021-07-01 15:34:27.518442',2,11,2),(56,1,'Production processes are isolated with large amounts of WIP between operations.  Products move through production line primarily in large batches resulting in lengthened throughput times.  Machines are grouped based primarily on equipment type, not process flow.  Processes are separated by distances that requires extensive and/or complex transport paths for material and parts.  ','2021-07-01 15:35:13.994231','2021-07-01 15:35:13.994231',2,12,2),(57,2,'Plans have been initiated to determine best location for equipment and machines based on production processes.  Some production processes are located in the same general area and some are beginning to follow \"one piece flow\" model, however large amounts of WIP still exists.   Evidence exists that a clear understanding of customer demand has been included into cell design to promote flexibility.  Cell designs are defined by use of value stream maps.  ','2021-07-01 15:35:14.032129','2021-07-01 15:35:14.032129',2,12,2),(58,3,'50% of processes follow the one-piece flow production techniques.  Only standard, controlled levels of WIP is present between processes.  The Group Technology Analysisprocess and mixed model production is utilized to reduce inventory levels are continuously improved.  Production rates of the cells are variable, based on customer demand.','2021-07-01 15:35:14.052077','2021-07-01 15:35:14.052077',2,12,2),(59,4,'Most cells are linked to achieve continuous flow, with minimum controlled WIP between them.  Set up and changeover efficiency is continuously improved.  Production rate matches takt time.  Operators are cross-trained with the cell\'s activities and a skills matrix is visually displayed in cell.','2021-07-01 15:35:14.073020','2021-07-01 15:35:14.073020',2,12,2),(60,5,'Coordinated one piece flow production occurs for all operations as well as coordinated shutdowns and planned downtime.  Each operator is cross-trained to perform serveral activities and also flex up or down as needed.  Kanban controlled WIP is used only where the process does not allow continuous flow.  ','2021-07-01 15:35:14.103941','2021-07-01 15:35:14.103941',2,12,2),(61,1,'No proactive quality focus.  Quality levels and requirements are  not known.  ','2021-07-01 15:35:59.240373','2021-07-01 15:35:59.240373',2,13,2),(62,2,'Quality awareness efforts started.  Some quality requirements are known, but are not used nor maintained.  Basic quality training has begun in site.  25% of employees have had basic quality training with specific training related to the products that they will be in contact with.  Quality or Inspection Department is responsible for checking product.  Less than 50% of employees are responsible for checking/inspecting their products.','2021-07-01 15:35:59.262945','2021-07-01 15:35:59.262945',2,13,2),(63,3,'50% of employees have had quality training with regards to their products.   Quality defect rate data is recorded, charted and posted so that employees are able to see performance improvements over time.  Quality assurance procedures are documented, understood, and followed consistently by operating personnel','2021-07-01 15:35:59.282892','2021-07-01 15:35:59.282892',2,13,2),(64,4,'All employees have had quality training with regards to their products.  Quality requirements are clearly understood and posted in all appropriate work areas. All operators are following standardized quality assurance procedures.  Quality requirements are posted in all work areas.    Root cause analysis is completed for all quality problems/issues and solutions are implemented immediately.  Some error-proofing methods have been implemented to prevent defects from occuring.','2021-07-01 15:35:59.303961','2021-07-01 15:35:59.303961',2,13,2),(65,5,'Quality is built into the organization at all levels.  Quality levels are understood, documented, posted, and meet six-sigma levels.  Inspection, sorting, and correction has been replaced by a high amount of prevention, error-proofing, and design for manufacturability.  Internal rework occurences has become extremely rare.','2021-07-01 15:35:59.327389','2021-07-01 15:35:59.327389',2,13,2),(66,1,'Equipment is run to failure. Operators / Cell leaders have no ownership of equipment care. No downtime or OEE information.  Equipment is usually dirty and there is no PM schedule or checklist.  ','2021-07-01 15:36:45.999774','2021-07-01 15:36:45.999774',2,14,2),(67,2,'TPM  training and improvement sessions held on routine basis.  Down time history established. Initial cleaning of equipment at selected equipment.  Routine maintenance is carried out regularly and preventive maintenance is in place for most pieces of equipment.  Limited downtime/OEE information is available.  Some operators are beginning to clean and maintain machines regularly.','2021-07-01 15:36:46.030690','2021-07-01 15:36:46.030690',2,14,2),(68,3,'All equipment has PM plans with checklist/checkpoints posted.  50% of PM\'s are on time and operating team members are responsible for basic maintenance activities.  Machine uptime is charted (actuals vs. targets).  Operator performed cleaning and inspection standards are developed and deployed for all critical equipment.  Improving trends in uptime/performance to takt and schedule metrics are evident.','2021-07-01 15:36:46.060610','2021-07-01 15:36:46.060610',2,14,2),(69,4,'PM\'s completion to schedule exceeds 90%.  Unplanned machine failure rarely impacts production.  Majority of maintenance activities are planned and a system is in place to proactively highlight machine issues.  All machine failures have a quick response followed by root-cause problem solving.  Training on equipments\' functions, controls and systems are completed on all critical equipment.','2021-07-01 15:36:46.101501','2021-07-01 15:36:46.101501',2,14,2),(70,5,'PMs are continuously improved through kaizen activities.  Operating team members are involved in daily maintenance and help set targets for improvements.  Full accountability and compliance to documented TPM procedures and process is maintained ongoing.  Uptime and/or OEE metrics are used for periodic monitoring of production equipment and results are consistently sustained at or above targeted levels.','2021-07-01 15:36:46.140398','2021-07-01 15:36:46.140398',2,14,2),(71,1,'Limited or no knowledge of DFLSS exists.  However, if it does exist, it is not used for product development support or understanding & translating customer needs','2021-07-01 15:37:33.023433','2021-07-01 15:37:33.023433',2,15,2),(72,2,'Knowledge of DFLSS exists among product development support or engineering resources and is beginning to be used for product development.  Customer input is gathered, however it is only beginning to be translated from wants/needs to manufacturing requirements.  Cross functional teams are now being deployed in support of the product or process/technology development process.','2021-07-01 15:37:33.043379','2021-07-01 15:37:33.043379',2,15,2),(73,3,'Knowledge of DFLSS exists among site resources and are aware of the connection between customer requirments and manufacturing /quality specifications.  Customer input is gathered and translated from wants/needs to manufacturing requirements - these requirements are being used in the manufacturing, quality, and engineering areas to communicate customer quality/product needs.  Suppliers, contractors,and operations personnel are involved early in the product development and new technology process, as they know their product technology, application and process constraints best.','2021-07-01 15:37:33.066319','2021-07-01 15:37:33.066319',2,15,2),(74,4,'Stage gate reviews are done at numerous stages in the product and technology development cycle and the project can not move forward until it has passed all gate review requirements and been signed off by review team.  Senior management is heavily involved in the gate reviews to ensure that the project is in track and is still aligned with business strategy, and that risks and costs are measured accurately.  ','2021-07-01 15:37:33.092248','2021-07-01 15:37:33.092248',2,15,2),(75,5,'Post launch lifecycle management is done for every new product and is recorded and reviewed with management regularly.  This included monitoring product performance, adjusting to market changes, and managing the strategic and financial results of the project.   ','2021-07-01 15:37:33.112194','2021-07-01 15:37:33.112194',2,15,2),(76,1,'No evidence of a pull system.','2021-07-01 15:38:13.381998','2021-07-01 15:38:13.381998',2,16,2),(77,2,'Some evidence of a pull system exists.  Efforts are being made to ensure that inventory is not stored in random amounts with many different component quantities being delivered at many different areas.  Most of the processes receive orders from a typical MRP/ERP type system.  Some production kanbans are used, but primarily for large batch sizes, to and from supermarket/stores - the maximum batch size is predetermined by the sales order quantity.  Some processes get signals from the downstream prcess, to supply or start production.','2021-07-01 15:38:13.416905','2021-07-01 15:38:13.416905',2,16,2),(78,3,'Products/parts requiring batch processing and buffer inventory (supermarkets) are produced and supplied using pull signals (kanbans).   Improvements are made ongoing to reduce batch sizes and inventory.  A methodology is in place to calculate appropriate kanban sizes on an ongoing basis.  In process kanbans are used in many places which ensures pull systems between processes.','2021-07-01 15:38:13.436850','2021-07-01 15:38:13.436850',2,16,2),(79,4,'The only parts being stocked in supermarkets are those being produced/supplied in batches due to limitations of the production equipment or supplier.  The quantity of parts in the supermarket has been systematically minimized.  Conveyance of parts is well planned in terms of timing, sequencing, and quantities.  All \"A\" Classified material suppliers get orders through a type of JIT kanban signal to signal need.  Most internal processes throughout the value stream initiate production/delivery based on pull signals.  Appropriate means (andons, panels, lights, sirens, etc.) are installed and used to attract attention to out of parts conditions to avoid line stoppages.','2021-07-01 15:38:13.459789','2021-07-01 15:38:13.459789',2,16,2),(80,5,'Material movement throughout the value stream is based on pull signals linked to real demand.  Movement of material between processes is minimized and WIP buffers are minimized or eliminated to the smallest practical delivery quantity.  Customer orders are sent to the \"last process\" triggering the pull of components through the entire value stream.  ','2021-07-01 15:38:13.479736','2021-07-01 15:38:13.479736',2,16,2),(81,1,'< 70% supplier on time delivery. Random incoming material inspected. No process team to work with suppliers. No supplier consolidation.   No formal supplier measurement systems.','2021-07-01 15:39:03.912232','2021-07-01 15:39:03.912232',2,17,2),(82,2,'> 80% supplier on time delivery. Specific incoming material inspected based on supplier performance. Supplier measurement system in place.  ','2021-07-01 15:39:03.935166','2021-07-01 15:39:03.935166',2,17,2),(83,3,'> 90% supplier on time delivery.  Select suppliers certified.  Some teams to work supplier process issues. ','2021-07-01 15:39:03.968078','2021-07-01 15:39:03.968078',2,17,2),(84,4,'>95% supplier on time delivery. 80% of suppliers certified.  Some process improvement teams to work supplier issues.  JIT release of material beginning.','2021-07-01 15:39:03.987056','2021-07-01 15:39:03.987056',2,17,2),(85,5,'100% supplier on time delivery. 100% certified suppliers.  Dedicated supply-management team to work process.  JIT release of material. Sub tier partnerships in place.','2021-07-01 15:39:04.007973','2021-07-01 15:39:04.007973',2,17,2),(86,1,'Employees do not have any understanding of the need for setup reduction or why.  No formalized training program in place.  ','2021-07-01 15:39:46.976393','2021-07-01 15:39:46.976393',2,18,2),(87,2,'Employees are aware of SMED concepts, but no improvement program is in place.  Setup times are not are not tracked or measured.  Most setups take longer than 30 minutes.','2021-07-01 15:39:47.005318','2021-07-01 15:39:47.005318',2,18,2),(88,3,'Organization is training in SMED concepts.  Many machines have been improved.  Setup times are being tracked and improvement plans identified.  Kaizen evetns are scheduled to improve setups.','2021-07-01 15:39:47.025259','2021-07-01 15:39:47.025259',2,18,2),(89,4,'Most setups are less than 9:59 minutes.  More than 80% of the equipment have been improved to single minute exchange of dies.  New tooling and equipment are purchased or made with flexible setup in mind.','2021-07-01 15:39:47.053184','2021-07-01 15:39:47.053184',2,18,2),(90,5,'Most setups are less than 100 seconds.  More than 80% of the machines have setups below 100 secs.  Plant is able to run any part, any day because setups are very low.  Daily mix schedules are the normal way of production.','2021-07-01 15:39:47.073131','2021-07-01 15:39:47.073131',2,18,2),(91,1,'Delivery performance is below 89% On Time, In Full for make to order items and fill rates below 89% plus for make to stiock items','2021-07-01 15:40:23.354126','2021-07-01 15:40:23.354126',2,19,2),(92,2,'Delivery performance is between 90-94.5% On Time, In Full for make to order items and fill rates between 90-94.5% plus for make to stiock items','2021-07-01 15:40:23.415960','2021-07-01 15:40:23.415960',2,19,2),(93,3,'Delivery performance is between 95-97.4% On Time, In Full for make to order items and fill rates between 95-97,4% plus for make to stiock items','2021-07-01 15:40:23.458845','2021-07-01 15:40:23.458845',2,19,2),(94,4,'Delivery performance is between 97.5-99.4% On Time, In Full for make to order items and fill rates at 97.5-99.4% plus for make to stiock items','2021-07-01 15:40:23.483787','2021-07-01 15:40:23.483787',2,19,2),(95,5,'Delivery performance is superior above 99.5% On Time, In Full for make to order items and fill rates above 99.5% plus for make to stiock items','2021-07-01 15:40:23.504730','2021-07-01 15:40:23.504730',2,19,2),(96,1,'Employees are not aware of DMAIC methodology.  ','2021-07-01 15:42:28.236603','2021-07-01 15:42:28.236603',2,20,2),(97,2,'Very low levels (10%) of employees have formal ELS/Lean Six Sigma training.  Employees are learning how DMAIC can be used to solve problems.  ','2021-07-01 15:42:28.261479','2021-07-01 15:42:28.261479',2,20,2),(98,3,'DMAIC methodology is used to solve problems that will generate savings for the division, however there is no direct link to the CI plan.  Trained and certified black belts and green belts are providing leadership and actively contributing to continuous improvement plans and performance.  A resource structure to support DMAIC methodology is beginning to take shape - identified BBs, GBs, MBBs, champions, divisional six sigma leaders, Lean Masters, etc.  50% or more employees have been trained in basic six sigma and lean methods.  ','2021-07-01 15:42:28.282418','2021-07-01 15:42:28.282418',2,20,2),(99,4,'All employees have attended basic six sigma & lean training.  10% of employees have attended more advanced lean, green belt, or black belt training and completed projects that use these lean/six sigma tools.    The resource structure to support DMAIC methodology is in place.  A resource plan has been developed to ensure that GB\'s and BB\'s are trained as CI needs arise and as employees move on through the organization.  All key improvement projects are captured in a project management system by BB\'s/GB\'s and site chapions play a key role in ensuring project sucess and on-time completion.  Project selection is based on gaps identified by a CI plan.','2021-07-01 15:42:28.307313','2021-07-01 15:42:28.307313',2,20,2),(100,5,'25% of employees have attended more advanced Six Sigma and Lean training and completed projects that use these tools/methods. Site champions ensure overall project success by removing roadblocks and managing top priorities.   Site champions manage priorities and support CI planning by identification of potential gaps and projects that can be completed to close the gaps.  ','2021-07-01 15:42:28.328274','2021-07-01 15:42:28.328274',2,20,2),(101,1,'No Value Stream Maps have been developed for site.','2021-07-01 15:43:09.053172','2021-07-01 15:43:09.053172',2,21,2),(102,2,'Value stream maps are beginning to be developed in site.  Few employees in the site understand the value of VSM\'s and how they can be used to identify/manage/prioritize CI activities.','2021-07-01 15:43:09.076107','2021-07-01 15:43:09.076107',2,21,2),(103,3,'All product families have been formally identified.  At least one current state and future state value stream map has been developed for each primary product family.  50% of employees have an understanding of what VSM\'s are and how they can be used to identify CI opportunities. ','2021-07-01 15:43:09.099038','2021-07-01 15:43:09.099038',2,21,2),(104,4,'Multiple current state and future state VSM\'s have been developed.  Implementation plans are documented and in progress.  All employees understand the value of VSM\'s and how they can be used to identify CI opportunities.  VSM\'s are used in transactional processes as well.  Evidence of implemented future state implementation plans exist.   VSM\'s are a well understood, highly used tool within the site for all CI planning and projects.','2021-07-01 15:43:09.119009','2021-07-01 15:43:09.119009',2,21,2),(105,5,'All product families have current state and future state VSMs developed.  All product families have documented implementation plans.   All product families have at least one completed future state VSM and implementation plan.  New future state VSM\'s and implementation lans have been developed for all product families and primary transactional processes.  ','2021-07-01 15:43:09.143932','2021-07-01 15:43:09.143932',2,21,2),(106,1,'Employees do not know or understand Six Sigma or Lean tools and principles.  No formalized training program in place.  ','2021-07-01 15:43:47.400911','2021-07-01 15:43:47.400911',2,22,2),(107,2,'DMAIC / lean tools are beginning to be used to solve problems in operations and offices.  Some training has been started to teach employees lean sigma tools.    ','2021-07-01 15:43:47.423843','2021-07-01 15:43:47.423843',2,22,2),(108,3,'Employees are beginning to understand the linkage between value stream mapping and Six Sigma/Lean tools.  DMAIC and lean tools are well-known in operations and in office areas, and are often used to solve problems. Projects have been identified through VSM\'s and will support an ideal future state.    ','2021-07-01 15:43:47.444800','2021-07-01 15:43:47.444800',2,22,2),(109,4,'Several projects have been initiated & completed to support an ideal future state VSM.  50% of employees are able to apply basic lean sigma tools for problem solving.  ','2021-07-01 15:43:47.472673','2021-07-01 15:43:47.472673',2,22,2),(110,5,'All employees are able to apply basic lean sigma tools and at least 25% are able to use more advanced tools for solving problems.  All lean sigma projects and kaizen events have been identified with the help of VSM\'s and are linked to overall CI plans and business priorities.','2021-07-01 15:43:47.504578','2021-07-01 15:43:47.504578',2,22,2);
/*!40000 ALTER TABLE `assessment_app_elscategoryratingmaster` ENABLE KEYS */;
UNLOCK TABLES;

--
-- Table structure for table `assessment_app_elsratings`
--

DROP TABLE IF EXISTS `assessment_app_elsratings`;
/*!40101 SET @saved_cs_client     = @@character_set_client */;
/*!50503 SET character_set_client = utf8mb4 */;
CREATE TABLE `assessment_app_elsratings` (
  `id` int(11) NOT NULL AUTO_INCREMENT,
  `score_id` int(11) NOT NULL,
  `description` varchar(2000) DEFAULT NULL,
  `date_of_assessment` date NOT NULL,
  `is_draft` tinyint(1) NOT NULL,
  `added_on` datetime(6) DEFAULT NULL,
  `modified_on` datetime(6) NOT NULL,
  `added_by_id` int(11) DEFAULT NULL,
  `els_category_id` int(11) NOT NULL,
  `modified_by_id` int(11) DEFAULT NULL,
  `plant_id` int(11) NOT NULL,
  `portco_id` int(11) NOT NULL,
  `date_of_assessment_started` date NOT NULL,
  PRIMARY KEY (`id`),
  KEY `assessment_app_elsratings_added_by_id_73aa270f_fk_auth_user_id` (`added_by_id`),
  KEY `assessment_app_elsra_modified_by_id_4fc8470d_fk_auth_user` (`modified_by_id`),
  KEY `assessment_app_elsra_plant_id_82ff5249_fk_assessmen` (`plant_id`),
  KEY `assessment_app_elsra_portco_id_6b32e7b0_fk_assessmen` (`portco_id`),
  KEY `assessment_app_elsratings_score_id_6ba73ea2` (`score_id`),
  KEY `assessment_app_elsra_els_category_id_68f0bfcc_fk_assessmen` (`els_category_id`),
  CONSTRAINT `assessment_app_elsra_els_category_id_68f0bfcc_fk_assessmen` FOREIGN KEY (`els_category_id`) REFERENCES `assessment_app_elscategorymaster` (`id`),
  CONSTRAINT `assessment_app_elsra_modified_by_id_4fc8470d_fk_auth_user` FOREIGN KEY (`modified_by_id`) REFERENCES `auth_user` (`id`),
  CONSTRAINT `assessment_app_elsra_plant_id_82ff5249_fk_assessmen` FOREIGN KEY (`plant_id`) REFERENCES `assessment_app_plantmaster` (`id`),
  CONSTRAINT `assessment_app_elsra_portco_id_6b32e7b0_fk_assessmen` FOREIGN KEY (`portco_id`) REFERENCES `assessment_app_porfoliocompanymaster` (`id`),
  CONSTRAINT `assessment_app_elsra_score_id_6ba73ea2_fk_assessmen` FOREIGN KEY (`score_id`) REFERENCES `assessment_app_elscategoryratingmaster` (`id`),
  CONSTRAINT `assessment_app_elsratings_added_by_id_73aa270f_fk_auth_user_id` FOREIGN KEY (`added_by_id`) REFERENCES `auth_user` (`id`)
) ENGINE=InnoDB AUTO_INCREMENT=25 DEFAULT CHARSET=latin1;
/*!40101 SET character_set_client = @saved_cs_client */;

--
-- Dumping data for table `assessment_app_elsratings`
--

LOCK TABLES `assessment_app_elsratings` WRITE;
/*!40000 ALTER TABLE `assessment_app_elsratings` DISABLE KEYS */;
INSERT INTO `assessment_app_elsratings` VALUES (1,2,'16th Comment','2021-06-16',1,'2021-06-29 15:44:37.766139','2021-06-30 02:10:58.733022',2,1,2,1,1,'2021-06-16'),(2,9,'None','2021-06-16',1,'2021-06-29 15:44:50.044034','2021-06-30 02:10:58.807772',2,2,2,1,1,'2021-06-16'),(3,2,'18th Comment','2021-06-18',1,'2021-06-29 15:46:01.648999','2021-06-30 01:10:43.077279',2,1,2,1,1,'2021-06-18'),(4,10,'None','2021-06-18',1,'2021-06-29 15:46:05.066177','2021-06-30 01:10:43.150098',2,2,2,1,1,'2021-06-18'),(5,1,'None','2021-06-03',1,'2021-06-29 15:54:44.941800','2021-06-30 00:10:49.121535',2,1,2,1,1,'2021-06-03'),(6,9,'None','2021-06-03',1,'2021-06-29 15:54:46.438154','2021-06-30 00:10:49.912505',2,2,2,1,1,'2021-06-03'),(7,4,'13th Comment','2021-06-13',1,'2021-06-29 15:55:54.790099','2021-06-30 23:19:09.948352',2,1,2,1,1,'2021-06-13'),(8,10,'None','2021-06-13',1,'2021-06-29 15:55:54.891836','2021-06-30 23:19:10.028140',2,2,2,1,1,'2021-06-13'),(9,9,'5S Sample desc 1','2021-06-05',1,'2021-06-29 17:07:46.273316','2021-06-29 17:14:50.230348',2,2,2,1,1,'2021-06-05'),(10,3,'EHS Sample desc 1','2021-06-05',1,'2021-06-29 17:14:50.157546','2021-06-29 17:14:50.157546',2,1,2,1,1,'2021-06-05'),(11,1,'20th comment21','2021-06-20',1,'2021-06-29 23:28:41.929715','2021-06-30 01:10:15.964378',2,1,2,1,1,'2021-06-20'),(12,6,'20th Comment1','2021-06-20',1,'2021-06-29 23:28:41.992974','2021-06-30 01:10:16.124705',2,2,2,1,1,'2021-06-20'),(13,3,'14th Comment1','2021-06-14',1,'2021-06-30 00:15:47.342422','2021-06-30 00:16:12.858581',2,1,2,1,1,'2021-06-14'),(14,9,'14th Comment1','2021-06-14',1,'2021-06-30 00:15:47.975379','2021-06-30 00:16:12.992525',2,2,2,1,1,'2021-06-14'),(15,5,'27th Comment','2021-06-27',1,'2021-06-30 01:11:57.043533','2021-07-01 16:19:39.045030',2,1,11,1,1,'2021-06-27'),(16,10,'27th Comment','2021-06-27',1,'2021-06-30 10:56:13.709812','2021-07-01 16:19:39.129029',2,2,11,1,1,'2021-06-27'),(17,2,'1st COmment1','2021-06-01',1,'2021-06-30 11:33:11.925300','2021-06-30 14:56:21.792239',2,1,2,1,1,'2021-06-01'),(18,12,'None','2021-06-27',1,'2021-07-01 15:45:01.517346','2021-07-01 16:19:39.233041',2,3,11,1,1,'2021-06-27'),(19,19,'None','2021-06-27',1,'2021-07-01 15:45:01.590128','2021-07-01 16:19:39.343028',2,4,11,1,1,'2021-06-27'),(20,25,'None','2021-06-27',1,'2021-07-01 15:45:02.098234','2021-07-01 16:19:39.461026',2,5,11,1,1,'2021-06-27'),(21,28,'None','2021-06-27',1,'2021-07-01 15:45:02.175016','2021-07-01 16:19:39.596029',2,6,11,1,1,'2021-06-27'),(22,32,'No comment','2021-06-27',1,'2021-07-01 15:45:02.231843','2021-07-01 16:19:39.712025',2,7,11,1,1,'2021-06-27'),(23,39,'None','2021-06-27',1,'2021-07-01 16:19:16.081328','2021-07-01 16:19:39.779057',11,8,11,1,1,'2021-06-27'),(24,108,'None','2021-06-27',1,'2021-07-01 16:19:39.035028','2021-07-01 16:19:39.850036',11,22,11,1,1,'2021-06-27');
/*!40000 ALTER TABLE `assessment_app_elsratings` ENABLE KEYS */;
UNLOCK TABLES;

--
-- Table structure for table `assessment_app_fourpmaster`
--

DROP TABLE IF EXISTS `assessment_app_fourpmaster`;
/*!40101 SET @saved_cs_client     = @@character_set_client */;
/*!50503 SET character_set_client = utf8mb4 */;
CREATE TABLE `assessment_app_fourpmaster` (
  `id` int(11) NOT NULL AUTO_INCREMENT,
  `description` varchar(500) NOT NULL,
  PRIMARY KEY (`id`)
) ENGINE=InnoDB AUTO_INCREMENT=5 DEFAULT CHARSET=latin1;
/*!40101 SET character_set_client = @saved_cs_client */;

--
-- Dumping data for table `assessment_app_fourpmaster`
--

LOCK TABLES `assessment_app_fourpmaster` WRITE;
/*!40000 ALTER TABLE `assessment_app_fourpmaster` DISABLE KEYS */;
INSERT INTO `assessment_app_fourpmaster` VALUES (1,'Philosophy'),(2,'People & Partners'),(3,'Processes'),(4,'Problem Solving');
/*!40000 ALTER TABLE `assessment_app_fourpmaster` ENABLE KEYS */;
UNLOCK TABLES;

--
-- Table structure for table `assessment_app_globalregionmaster`
--

DROP TABLE IF EXISTS `assessment_app_globalregionmaster`;
/*!40101 SET @saved_cs_client     = @@character_set_client */;
/*!50503 SET character_set_client = utf8mb4 */;
CREATE TABLE `assessment_app_globalregionmaster` (
  `id` int(11) NOT NULL AUTO_INCREMENT,
  `region` varchar(500) NOT NULL,
  PRIMARY KEY (`id`)
) ENGINE=InnoDB AUTO_INCREMENT=4 DEFAULT CHARSET=latin1;
/*!40101 SET character_set_client = @saved_cs_client */;

--
-- Dumping data for table `assessment_app_globalregionmaster`
--

LOCK TABLES `assessment_app_globalregionmaster` WRITE;
/*!40000 ALTER TABLE `assessment_app_globalregionmaster` DISABLE KEYS */;
INSERT INTO `assessment_app_globalregionmaster` VALUES (1,'EMEA'),(2,'APAC'),(3,'AMER');
/*!40000 ALTER TABLE `assessment_app_globalregionmaster` ENABLE KEYS */;
UNLOCK TABLES;

--
-- Table structure for table `assessment_app_leadership_category`
--

DROP TABLE IF EXISTS `assessment_app_leadership_category`;
/*!40101 SET @saved_cs_client     = @@character_set_client */;
/*!50503 SET character_set_client = utf8mb4 */;
CREATE TABLE `assessment_app_leadership_category` (
  `id` int(11) NOT NULL AUTO_INCREMENT,
  `category_name` varchar(100) NOT NULL,
  `category_description` varchar(500) DEFAULT NULL,
  `is_active` tinyint(1) NOT NULL,
  `added_on` datetime(6) NOT NULL,
  `modified_on` datetime(6) NOT NULL,
  `added_by_id` int(11) DEFAULT NULL,
  `modified_by_id` int(11) DEFAULT NULL,
  PRIMARY KEY (`id`),
  UNIQUE KEY `category_name` (`category_name`),
  KEY `assessment_app_leade_added_by_id_92079a99_fk_auth_user` (`added_by_id`),
  KEY `assessment_app_leade_modified_by_id_877429f8_fk_auth_user` (`modified_by_id`),
  CONSTRAINT `assessment_app_leade_added_by_id_92079a99_fk_auth_user` FOREIGN KEY (`added_by_id`) REFERENCES `auth_user` (`id`),
  CONSTRAINT `assessment_app_leade_modified_by_id_877429f8_fk_auth_user` FOREIGN KEY (`modified_by_id`) REFERENCES `auth_user` (`id`)
) ENGINE=InnoDB AUTO_INCREMENT=5 DEFAULT CHARSET=latin1;
/*!40101 SET character_set_client = @saved_cs_client */;

--
-- Dumping data for table `assessment_app_leadership_category`
--

LOCK TABLES `assessment_app_leadership_category` WRITE;
/*!40000 ALTER TABLE `assessment_app_leadership_category` DISABLE KEYS */;
INSERT INTO `assessment_app_leadership_category` VALUES (1,'Leadership/Org. Development','Leadership/Org. Development\r\n\r\n\r\n\r\n',1,'2021-07-01 12:37:16.008300','2021-07-01 14:47:50.155303',2,10),(2,'Enterprise Lean Sigma Commitment','Enterprise Lean Sigma Commitment\r\n\r\n\r\n\r\n',1,'2021-07-01 14:05:34.786551','2021-07-01 14:05:34.786551',10,10),(3,'Performance Mgmt. & Ethics','Performance Mgmt. & Ethics\r\n\r\n\r\n\r\n',1,'2021-07-01 14:06:02.498162','2021-07-01 14:06:02.498162',10,10),(4,'Organizational Interaction','Organizational Interaction\r\n\r\n\r\n\r\n',1,'2021-07-01 14:06:11.940308','2021-07-01 14:06:11.940308',10,10);
/*!40000 ALTER TABLE `assessment_app_leadership_category` ENABLE KEYS */;
UNLOCK TABLES;

--
-- Table structure for table `assessment_app_leadership_level`
--

DROP TABLE IF EXISTS `assessment_app_leadership_level`;
/*!40101 SET @saved_cs_client     = @@character_set_client */;
/*!50503 SET character_set_client = utf8mb4 */;
CREATE TABLE `assessment_app_leadership_level` (
  `id` int(11) NOT NULL AUTO_INCREMENT,
  `level_name` varchar(100) NOT NULL,
  `level_description` varchar(500) DEFAULT NULL,
  `is_active` tinyint(1) NOT NULL,
  `added_on` datetime(6) NOT NULL,
  `modified_on` datetime(6) NOT NULL,
  `added_by_id` int(11) DEFAULT NULL,
  `modified_by_id` int(11) DEFAULT NULL,
  PRIMARY KEY (`id`),
  KEY `assessment_app_leade_added_by_id_3a1ef692_fk_auth_user` (`added_by_id`),
  KEY `assessment_app_leade_modified_by_id_8c244439_fk_auth_user` (`modified_by_id`),
  CONSTRAINT `assessment_app_leade_added_by_id_3a1ef692_fk_auth_user` FOREIGN KEY (`added_by_id`) REFERENCES `auth_user` (`id`),
  CONSTRAINT `assessment_app_leade_modified_by_id_8c244439_fk_auth_user` FOREIGN KEY (`modified_by_id`) REFERENCES `auth_user` (`id`)
) ENGINE=InnoDB AUTO_INCREMENT=5 DEFAULT CHARSET=latin1;
/*!40101 SET character_set_client = @saved_cs_client */;

--
-- Dumping data for table `assessment_app_leadership_level`
--

LOCK TABLES `assessment_app_leadership_level` WRITE;
/*!40000 ALTER TABLE `assessment_app_leadership_level` DISABLE KEYS */;
INSERT INTO `assessment_app_leadership_level` VALUES (1,'Executive/Senior Leaders','Executive/Senior Leaders\r\n',1,'2021-07-01 12:37:28.267011','2021-07-01 14:06:31.203125',2,10),(2,'Mid-level Managers','Mid-level Managers\r\n',1,'2021-07-01 12:37:37.707340','2021-07-01 14:06:42.839305',2,10),(3,'Front Line Leaders','Front Line Leaders\r\n',1,'2021-07-01 14:06:53.139554','2021-07-01 14:06:53.139554',10,10),(4,'Work Teams','Work Teams\r\n',1,'2021-07-01 14:07:06.244716','2021-07-01 14:48:47.229504',10,10);
/*!40000 ALTER TABLE `assessment_app_leadership_level` ENABLE KEYS */;
UNLOCK TABLES;

--
-- Table structure for table `assessment_app_leadership_representation`
--

DROP TABLE IF EXISTS `assessment_app_leadership_representation`;
/*!40101 SET @saved_cs_client     = @@character_set_client */;
/*!50503 SET character_set_client = utf8mb4 */;
CREATE TABLE `assessment_app_leadership_representation` (
  `id` int(11) NOT NULL AUTO_INCREMENT,
  `category_name` varchar(100) NOT NULL,
  `category_description` varchar(500) DEFAULT NULL,
  `level_name` varchar(100) NOT NULL,
  `level_description` varchar(500) DEFAULT NULL,
  `is_active` tinyint(1) NOT NULL,
  `added_on` datetime(6) NOT NULL,
  `modified_on` datetime(6) NOT NULL,
  `added_by_id` int(11) DEFAULT NULL,
  `modified_by_id` int(11) DEFAULT NULL,
  PRIMARY KEY (`id`),
  KEY `assessment_app_leade_added_by_id_55bf1801_fk_auth_user` (`added_by_id`),
  KEY `assessment_app_leade_modified_by_id_953be0bd_fk_auth_user` (`modified_by_id`),
  CONSTRAINT `assessment_app_leade_added_by_id_55bf1801_fk_auth_user` FOREIGN KEY (`added_by_id`) REFERENCES `auth_user` (`id`),
  CONSTRAINT `assessment_app_leade_modified_by_id_953be0bd_fk_auth_user` FOREIGN KEY (`modified_by_id`) REFERENCES `auth_user` (`id`)
) ENGINE=InnoDB AUTO_INCREMENT=17 DEFAULT CHARSET=latin1;
/*!40101 SET character_set_client = @saved_cs_client */;

--
-- Dumping data for table `assessment_app_leadership_representation`
--

LOCK TABLES `assessment_app_leadership_representation` WRITE;
/*!40000 ALTER TABLE `assessment_app_leadership_representation` DISABLE KEYS */;
INSERT INTO `assessment_app_leadership_representation` VALUES (1,'Leadership/Org. Development','Leadership/Org. Development\r\n\r\n\r\n\r\n','Executive/Senior Leaders','Executive/Senior Leaders\r\n',1,'2021-07-01 12:37:28.328830','2021-07-01 14:47:50.206307',2,10),(2,'Leadership/Org. Development','Leadership/Org. Development\r\n\r\n\r\n\r\n','Mid-level Managers','Mid-level Managers\r\n',1,'2021-07-01 12:37:37.783621','2021-07-01 14:47:50.206307',2,10),(3,'Enterprise Lean Sigma Commitment','Enterprise Lean Sigma Commitment\r\n\r\n\r\n\r\n','Executive/Senior Leaders','Executive/Senior Leaders\r\n',1,'2021-07-01 14:05:34.892294','2021-07-01 14:06:31.367882',10,10),(4,'Enterprise Lean Sigma Commitment','Enterprise Lean Sigma Commitment\r\n\r\n\r\n\r\n','Mid-level Managers','Mid-level Managers\r\n',1,'2021-07-01 14:05:35.062807','2021-07-01 14:06:42.928040',10,10),(5,'Performance Mgmt. & Ethics','Performance Mgmt. & Ethics\r\n\r\n\r\n\r\n','Executive/Senior Leaders','Executive/Senior Leaders\r\n',1,'2021-07-01 14:06:02.854229','2021-07-01 14:06:31.367882',10,10),(6,'Performance Mgmt. & Ethics','Performance Mgmt. & Ethics\r\n\r\n\r\n\r\n','Mid-level Managers','Mid-level Managers\r\n',1,'2021-07-01 14:06:03.273546','2021-07-01 14:06:42.928040',10,10),(7,'Organizational Interaction','Organizational Interaction\r\n\r\n\r\n\r\n','Executive/Senior Leaders','Executive/Senior Leaders\r\n',1,'2021-07-01 14:06:12.138103','2021-07-01 14:06:31.367882',10,10),(8,'Organizational Interaction','Organizational Interaction\r\n\r\n\r\n\r\n','Mid-level Managers','Mid-level Managers\r\n',1,'2021-07-01 14:06:12.346348','2021-07-01 14:06:42.928040',10,10),(9,'Leadership/Org. Development','Leadership/Org. Development\r\n\r\n\r\n\r\n','Front Line Leaders','Front Line Leaders\r\n',1,'2021-07-01 14:06:53.296134','2021-07-01 14:47:50.206307',10,10),(10,'Enterprise Lean Sigma Commitment','Enterprise Lean Sigma Commitment\r\n\r\n\r\n\r\n','Front Line Leaders','Front Line Leaders\r\n',1,'2021-07-01 14:06:53.541471','2021-07-01 14:06:53.541471',10,10),(11,'Performance Mgmt. & Ethics','Performance Mgmt. & Ethics\r\n\r\n\r\n\r\n','Front Line Leaders','Front Line Leaders\r\n',1,'2021-07-01 14:06:53.792793','2021-07-01 14:06:53.792793',10,10),(12,'Organizational Interaction','Organizational Interaction\r\n\r\n\r\n\r\n','Front Line Leaders','Front Line Leaders\r\n',1,'2021-07-01 14:06:54.271603','2021-07-01 14:06:54.271603',10,10),(13,'Leadership/Org. Development','Leadership/Org. Development\r\n\r\n\r\n\r\n','Work Teams','Work Teams\r\n',1,'2021-07-01 14:07:06.358669','2021-07-01 14:48:47.269362',10,10),(14,'Enterprise Lean Sigma Commitment','Enterprise Lean Sigma Commitment\r\n\r\n\r\n\r\n','Work Teams','Work Teams\r\n',1,'2021-07-01 14:07:06.615358','2021-07-01 14:48:47.269362',10,10),(15,'Performance Mgmt. & Ethics','Performance Mgmt. & Ethics\r\n\r\n\r\n\r\n','Work Teams','Work Teams\r\n',1,'2021-07-01 14:07:06.858700','2021-07-01 14:48:47.269362',10,10),(16,'Organizational Interaction','Organizational Interaction\r\n\r\n\r\n\r\n','Work Teams','Work Teams\r\n',1,'2021-07-01 14:07:07.147922','2021-07-01 14:48:47.269362',10,10);
/*!40000 ALTER TABLE `assessment_app_leadership_representation` ENABLE KEYS */;
UNLOCK TABLES;

--
-- Table structure for table `assessment_app_lshipcategoryratingmaster`
--

DROP TABLE IF EXISTS `assessment_app_lshipcategoryratingmaster`;
/*!40101 SET @saved_cs_client     = @@character_set_client */;
/*!50503 SET character_set_client = utf8mb4 */;
CREATE TABLE `assessment_app_lshipcategoryratingmaster` (
  `id` int(11) NOT NULL AUTO_INCREMENT,
  `score` int(11) NOT NULL,
  `score_representation` varchar(2000) NOT NULL,
  `added_on` datetime(6) NOT NULL,
  `modified_on` datetime(6) NOT NULL,
  `added_by_id` int(11) DEFAULT NULL,
  `lship_representation_id` int(11) NOT NULL,
  `modified_by_id` int(11) DEFAULT NULL,
  PRIMARY KEY (`id`),
  KEY `assessment_app_lship_added_by_id_fd3fae58_fk_auth_user` (`added_by_id`),
  KEY `assessment_app_lship_lship_representation_af4f8060_fk_assessmen` (`lship_representation_id`),
  KEY `assessment_app_lship_modified_by_id_6a61cfdc_fk_auth_user` (`modified_by_id`),
  CONSTRAINT `assessment_app_lship_added_by_id_fd3fae58_fk_auth_user` FOREIGN KEY (`added_by_id`) REFERENCES `auth_user` (`id`),
  CONSTRAINT `assessment_app_lship_lship_representation_af4f8060_fk_assessmen` FOREIGN KEY (`lship_representation_id`) REFERENCES `assessment_app_leadership_representation` (`id`),
  CONSTRAINT `assessment_app_lship_modified_by_id_6a61cfdc_fk_auth_user` FOREIGN KEY (`modified_by_id`) REFERENCES `auth_user` (`id`)
) ENGINE=InnoDB AUTO_INCREMENT=81 DEFAULT CHARSET=latin1;
/*!40101 SET character_set_client = @saved_cs_client */;

--
-- Dumping data for table `assessment_app_lshipcategoryratingmaster`
--

LOCK TABLES `assessment_app_lshipcategoryratingmaster` WRITE;
/*!40000 ALTER TABLE `assessment_app_lshipcategoryratingmaster` DISABLE KEYS */;
INSERT INTO `assessment_app_lshipcategoryratingmaster` VALUES (1,1,'No clear organization/division goals or direction.  Inconsistent messages.  No progress or success.  Clear obstacles and barriers.  Continual leadership changes leading to perceived instability.  Processes are haphazard and at times chaotic.\r\n','2021-07-01 12:37:28.348772','2021-07-01 14:12:48.754925',2,1,10),(2,2,'Superficial goals.  Infrequent communications.  Little or no success making improvements.  Unstable leadership team, leading to an ineffective team.  Little or no focus on problem solving and process discipline.\r\n','2021-07-01 12:37:28.369715','2021-07-01 14:12:48.780829',2,1,10),(3,3,'Generic goals or company direction.  Somewhat periodic communication aimed at goals and progress.  Limited success with some evidence of barriers.  Somewhat stable leadership team with a moderate degree of cohesiveness.  Some focus on problem solving and process discipline.\r\n','2021-07-01 12:37:28.401645','2021-07-01 14:12:48.803799',2,1,10),(4,4,'Generally inspirational leadership.  Effective communication process and messages. Organizational culture that recognizes the need for customer focused processes and a problem solving discipline.  No major organizational barriers evident.  \r\n','2021-07-01 12:37:28.421557','2021-07-01 14:12:48.826745',2,1,10),(5,5,'Inspirational leadership towards aspirational goals.  Clear consistent communication message and strategy.  Leadership team aligned on business objectives and focused on sustainability.  Removal of barriers and obstacles.  Effective & cohesive leadership team.  Builds a problem solving, process-focused, customer driven culture.\r\n','2021-07-01 12:37:28.442496','2021-07-01 14:12:48.852663',2,1,10),(6,1,'\"Not involved in development of subordinates, top performers rise due to own capability and typically only to a certain level.  Little effort made to visit shop floor to drive activities.  \r\nLittle concern about activities on floor; primarily numbers driven.  Accepts haphazard and chaotic processes with lots of \"\"firefighting\"\" to solve problems.\"\r\n','2021-07-01 12:37:37.811540','2021-07-01 14:17:50.903517',2,2,10),(7,2,'Development of personnel not top priority.  Change averse; typically want full analysis of why something should be done, i.e., simple things, cleaning, etc.  Little or no focus on process discipline or a problem solving culture.\r\n','2021-07-01 12:37:37.830483','2021-07-01 14:17:50.918507',2,2,10),(8,3,'Has good rapport with all levels  of organization.  Spends a small percentage of time mentoring other managers or individuals.  Will have shop floor/department presence daily or weekly typically only when requested.  Willing to try new ideas.  Basic understanding of the need for a customer driven, process discipline, and the need for a problem solving culture.\r\n','2021-07-01 12:37:37.856408','2021-07-01 14:17:50.967346',2,2,10),(9,4,'Understands cannot run plant/site by numbers alone.  Involved in review and support of improvement activities.  Will make investments in programs that may take time to yield.  Creates an awareness of the need for a customer driven, process focused, problem solving culture.\r\n','2021-07-01 12:37:37.882332','2021-07-01 14:17:51.009246',2,2,10),(10,5,'Utilizes mentoring approach to increase subordinate capability.  Challenges all personnel to perform at higher level than comfortable.  Has a strong presence on the floor. (typically spends a large portion of each day on the floor).  Role models discipline of a customer driven,process focused and problem solving approach.\r\n','2021-07-01 12:37:37.907287','2021-07-01 14:17:51.033170',2,2,10),(11,1,'No ELS vision or strategy.  No understanding of systems or tools.  No resources allocated to achieve goals. Customer is not represented in the process.\r\n','2021-07-01 14:05:34.916229','2021-07-01 14:15:25.323470',10,3,10),(12,2,'Superficial vision or strategy.  Awareness of ELS system on a verbal level, can not demonstrate tools or fully explain system.  Few resources available for operational improvements.  \r\n','2021-07-01 14:05:34.938142','2021-07-01 14:15:25.346374',10,3,10),(13,3,'Generic vision or ELS strategy.  Basic understanding of ELS system and tools and some promotion.  Minor resource commitment to accomplish goals.  Some customer awareness in establishing processes.\r\n','2021-07-01 14:05:34.961095','2021-07-01 14:15:25.367318',10,3,10),(14,4,'Effective vision and strategy.  Basic understanding and promotion of ELS system and tools.  Basic resources in place to accomplish goals.  Customer is primary determinant of value in a process.\r\n','2021-07-01 14:05:34.997980','2021-07-01 14:15:25.389320',10,3,10),(15,5,'ELS vision and strategy in place for org/division that integrates whole organization.  Understands and promotes ELS system and tools at all levels.  Significant resource commitment to accomplish goals.  \r\n','2021-07-01 14:05:35.025904','2021-07-01 14:15:25.424240',10,3,10),(16,1,'No understanding of lean tools or principles.  May feel lean is a program like SPC or 6sigma rather than a system.  No understanding of Leader Standard Work.  No presence in Kaizen events.  Customer is not represented in the process.\r\n','2021-07-01 14:05:35.105720','2021-07-01 14:19:48.556912',10,4,10),(17,2,'Aware of simple tools (5S, SMED).  Understands the concept of Leader Standard Work.  Little or no focus on customer as primary stakeholder in the process.  Some participation in Kaizen events.  \r\n','2021-07-01 14:05:35.129630','2021-07-01 14:19:48.589823',10,4,10),(18,3,'Has basic understanding of lean and six sigma tools.  Has not yet realized benefit of ELS system.  Tends to cherry pick tools to make spot improvement.  Participates in Kaizen events (2-3 per year).  Practices the concepts of Leader Standard Work.  Some customer awareness in establsing processes.\r\n','2021-07-01 14:05:35.150596','2021-07-01 14:19:48.617748',10,4,10),(19,4,'Teaches ELS concepts and Lean/Six Sigma tools and models the use of Leader Standard Work.  Customer is primary determinant of value in a process.  Participates and leads Kaizen events (4-5 per year).  \r\n','2021-07-01 14:05:35.181484','2021-07-01 14:19:48.645674',10,4,10),(20,5,'Understands and requires the use of lean six sigma tools throughout all operational aspects.  Drives operational stability through high execution of “the basics” (i.e., standard work, visual mgt, metrics, 5S, EHS).  Developed clear understanding of ELS system benefit and key elements.  Participates in and leads Kaizens.  \r\n','2021-07-01 14:05:35.206425','2021-07-01 14:19:48.671608',10,4,10),(21,1,'No vision or aspirations.  Conflicting financial or ineffective measures.  No performance dialogue.  No targets or incentives.  No consequence management.  No link between strat plan, AOP, and CI plan.  \r\n','2021-07-01 14:06:02.920513','2021-07-01 14:16:15.950773',10,5,10),(22,2,'Superficial mission statements.  Financial measures only.  Infrequent progress review.  Few consequences.  Weak linkage between strat plan, AOP, and CI plan.  \r\n','2021-07-01 14:06:02.964397','2021-07-01 14:16:15.979703',10,5,10),(23,3,'Statement of mission or aspirations.  Traditional financial and operational measures.  Occasional review of performance.  Occasional use of stretch targets and incentives.  Occasional consequence management.  Some linkage between strat plan, AOP, and CI plan.  \r\n','2021-07-01 14:06:03.028223','2021-07-01 14:16:16.003631',10,5,10),(24,4,'Well communicated mission in place.  Effective financial and operational measures in place.  Frequent review of performance.  Consistent consequence management . Divisional goals are effectively cascaded throughout the org and linked at all levels.   Strong link between strat plan, AOP, and CI plan utilizing OGSM process.\r\n','2021-07-01 14:06:03.094044','2021-07-01 14:16:16.030559',10,5,10),(25,5,'Clear aspirational mission in place.  Key financial and operational measures Ongoing review of performance.  Stretch targets and incentives.  Active consequence management.  Completely integrated strat plan, AOP and CI Plan utilizing OGSM process.\r\n','2021-07-01 14:06:03.147898','2021-07-01 14:16:16.052502',10,5,10),(26,1,'No defined operational metrics, only macro outputs.  Does not require any business plan from subordinates.  Performance meetings infrequent often with no standard forms.  \r\n','2021-07-01 14:06:03.327402','2021-07-01 14:21:56.155751',10,6,10),(27,2,'Plant/site has defined goals.  Goals not translated to all levels of the plant/site/department.  \r\n','2021-07-01 14:06:03.383247','2021-07-01 14:21:56.180654',10,6,10),(28,3,'Has business plan goals and  objectives established.  First level of organization understands and has activity plans to support goals.  Holds performance review sessions although may not be plant/site wide or on a defined frequency.  Basic understanding of performance dialogue.  \r\n','2021-07-01 14:06:03.420119','2021-07-01 14:21:56.206584',10,6,10),(29,4,'Metrics are translated down to lower levels.  Clear activity plans exist for most areas.  Dialogue process in place.  \r\n','2021-07-01 14:06:03.462553','2021-07-01 14:21:56.236506',10,6,10),(30,5,'Holds monthly review session with key personnel and entire plant/site.  Reviews results based on site operational improvement plan in relation organization business plan.  Requires key subordinates to develop monthly activity plans and targets to support overall goals.  Holds weekly meeting with key  personnel (CI mgr and leadership team) to verify progression of daily activities.  \r\n','2021-07-01 14:06:03.526378','2021-07-01 14:21:56.562341',10,6,10),(31,1,'Each section allowed to pursue self optimization.  No formal training or feedback mechanisms.  Clear organization barriers and unwillingness to collaborate.  Limited compliance on key corporate standards and initiatives .  \r\n','2021-07-01 14:06:12.175641','2021-07-01 14:17:03.860741',10,7,10),(32,2,'Minimal standardization.  Limited organizational feedback.  Tension and conflict apparent among departments/functions.  Some compliance on key corporate standards and initiatives.  \r\n','2021-07-01 14:06:12.207236','2021-07-01 14:17:03.885835',10,7,10),(33,3,'\"Some standard practices evident across the organization/division.  Informal learning and feedback processes observed.  Moderate collaboration facilitated among departments\r\nModerate compliance on key corporate standards and initiatives.  \"\r\n','2021-07-01 14:06:12.238565','2021-07-01 14:17:03.909532',10,7,10),(34,4,'Demonstrated standardization among departments/functions.  Effective feedback and learning practices in place.  Positive organizational culture focused on collaboration.  Full compliance on key corporate standards and initiatives.  \r\n','2021-07-01 14:06:12.266038','2021-07-01 14:17:03.932812',10,7,10),(35,5,'Drives standardization of best practices between functions/orgs.  Encourages institutionalized learning and formal feedback process across organization.  Actively eliminates organizational barriers.  Builds a collaborative culture.  \r\n','2021-07-01 14:06:12.311995','2021-07-01 14:17:03.958424',10,7,10),(36,1,'Allows functional silos to exist.  Does not promote collaborative culture.  Has department “favorites”; does not support equally.  Leadership team members not aware of things outside own functional area.  \r\n','2021-07-01 14:06:12.368338','2021-07-01 14:22:30.753983',10,8,10),(37,2,'Overall awareness of functional collaboration improved through communication, not organization.  \r\n','2021-07-01 14:06:12.393354','2021-07-01 14:22:30.782904',10,8,10),(38,3,'Has broken down some functional silos; support departments may still have silo (e.g., maintenance, engineering).  Requires departments to cross barriers through joint team interactions, quality problems, new products.  Some standard practices exist and are shared by many individual actions.  \r\n','2021-07-01 14:06:12.442177','2021-07-01 14:22:30.803877',10,8,10),(39,4,'Works to promote organizational learning throughout the enterprise.  Drives standardization of major processes.  \r\n','2021-07-01 14:06:12.471094','2021-07-01 14:22:30.829809',10,8,10),(40,5,'Requires standardization of best practices within all departments and between facilities.  Utilizes institutionalized learning through the use of standardized reports to document key learning.  Eliminates all functional barriers between departments/functions .  Ensures frequent dialogue between departments to promote collaborative culture.  \r\n','2021-07-01 14:06:12.495006','2021-07-01 14:22:30.852725',10,8,10),(41,1,'Not involved in driving and development.  Does not coach employees.  Poor understanding of process and process elements.  Viewed as “boss” of area.  Fosters an environment of haphazard and chaotic processes with lots of firefighting to solve problems.\r\n','2021-07-01 14:06:53.340018','2021-07-01 14:23:17.053032',10,9,10),(42,2,'Understands personnel needs and understands process but unsure how to change.  Thought of being too distant from people and process.  Little or no focus on process discipline and a problem solving culture.\r\n','2021-07-01 14:06:53.374923','2021-07-01 14:23:17.078963',10,9,10),(43,3,'Requests and suggests employees to develop themselves.  Tells employees to do better on key items.  Understands key process performance but not detail.  Respected within immediate area.  Sometimes sought out for knowledge and initiative.  Basic understanding of process discipline and the need for a problem solving culture.\r\n','2021-07-01 14:06:53.407834','2021-07-01 14:23:17.103896',10,9,10),(44,4,'Tries to dedicate time to employee development.  Establishes strong presence with immediate reports but not entire team.  Creates an awareness of the need for a process focused, problem solving culture.\r\n','2021-07-01 14:06:53.435760','2021-07-01 14:23:17.129393',10,9,10),(45,5,'Directly coaches and teaches individuals and teams.  Strong presence in area through detailed understanding of process and weekly reviews.  Drives process improvement and subordinate development.  Respected within and outside of immediate area.  Looked to within organization as a source of knowledge and a doer.  Role models discipline of a process focused and problem solving approach.\r\n','2021-07-01 14:06:53.463686','2021-07-01 14:23:17.159318',10,9,10),(46,1,'Unaware of ELS basic tools and concepts.  No clear system to improve operational metrics.  No leader standard work. Does not participate in Kaizens.  \r\n','2021-07-01 14:06:53.567402','2021-07-01 14:23:50.976428',10,10,10),(47,2,'Understands ELS tools but struggles with how to apply to process.  Attempts at standard work but largely seen as a check the box exercise.\r\n','2021-07-01 14:06:53.605299','2021-07-01 14:23:50.989348',10,10,10),(48,3,'Understands ELS tools and concepts and applies some elements to processes.  Drives performance through high-level key parameter tracking.  Pushes employees to improve processes.  Actively participates in Kaizens.  Most leaders follow standard work and understand its benefits, however it is rarely revised.\r\n','2021-07-01 14:06:53.626243','2021-07-01 14:23:51.013285',10,10,10),(49,4,'Thorough understanding of ELS tools.  Leads Kaizens.  Drives performance by measuring portions of process parameters.  Uses Leader Standard Work to manage daily activities and regularly reviews and revises.\r\n','2021-07-01 14:06:53.646189','2021-07-01 14:23:51.034228',10,10,10),(50,5,'Detailed understanding of ELS tools and applications.  Drives area performance through daily execution of ELS tools (i.e., problem solving, waste elimination, MDI).  Daily reinforcement of ELS system and benefits.  Leaders embrace standard work and review documents weekly.  Completed leader standard work documents displyaed visually by day of week for each leader.  \r\n','2021-07-01 14:06:53.680098','2021-07-01 14:23:51.058204',10,10,10),(51,1,'Does not review or know daily performance numbers below an overall plant level.  Poor communication of process status.  Does not require weekly reviews.\r\n','2021-07-01 14:06:54.039476','2021-07-01 14:24:21.104883',10,11,10),(52,2,'Communicates measurements of daily performance but only views results as good or bad.  Meets with management to defend or explain performance to numbers.  Requests employees to improve processes but does not require progress.\r\n','2021-07-01 14:06:54.088687','2021-07-01 14:24:21.136799',10,11,10),(53,3,'Understands and communicates daily performance.  Meets periodically with management on 1 to 1 basis to update performance.  Personnel develops weekly activity plans.  \r\n','2021-07-01 14:06:54.112003','2021-07-01 14:24:21.164724',10,11,10),(54,4,'Understands and communicates performance against goals.  Suggests daily and weekly activities but does not enforce and usually reviews verbally. \r\n','2021-07-01 14:06:54.144946','2021-07-01 14:24:21.192649',10,11,10),(55,5,'Understands, reviews, and communicates daily performance against goals.  Weekly reviews with upper management to communicate performance and requests actions to achieve targets.  Requires key personnel to develop daily and weekly activity plans.  L\r\n','2021-07-01 14:06:54.188665','2021-07-01 14:24:21.219577',10,11,10),(56,1,'Does not realize barriers affecting performance.  Little standardization in process and between processes.  Poor use of resources, everyone just does their job.  Environment does not support creativity or improvement.  \r\n','2021-07-01 14:06:54.296787','2021-07-01 14:24:52.175902',10,12,10),(57,2,'Utilizes resources on a crisis by crisis basis.  Verbally suggests improvement but does not drive or prioritize activities.  \r\n','2021-07-01 14:06:54.332521','2021-07-01 14:24:52.199867',10,12,10),(58,3,'Eliminates largest barriers for 1-2 key improvement items.  Utilizes resources well when large issues occur.  Provides environment for improvement but disconnected with daily activities of team/dept. \r\n','2021-07-01 14:06:54.363437','2021-07-01 14:24:52.226807',10,12,10),(59,4,'Eliminates most barriers within their control.  Tries to standardize key items in process but not all items.  Leverages personnel to both improve process and to solve major issues.  \r\n','2021-07-01 14:06:54.390365','2021-07-01 14:24:52.251699',10,12,10),(60,5,'Eliminates barriers affecting area performance.  Standardization within area and between areas.  Leverages resources required to drive area performance.  Ensures collaborative environment for tangible ability to improve and empowerment.  \r\n','2021-07-01 14:06:54.424280','2021-07-01 14:24:52.272672',10,12,10),(61,1,'Negative attitude toward change.  Refusal to work on improvement activities/projects.  Job is simply to produce.  \r\n','2021-07-01 14:07:06.399938','2021-07-01 14:25:31.628299',10,13,10),(62,2,'Resistance to change.  Reluctant to work on improvement activities.  \r\n','2021-07-01 14:07:06.444815','2021-07-01 14:25:31.650273',10,13,10),(63,3,'Open to change (ie -  willing to try new things).  Limited leadership of area improvements.  Individual ownership of work methods and processes.  \r\n','2021-07-01 14:07:06.475731','2021-07-01 14:25:31.671186',10,13,10),(64,4,'Actively involved in leadership of local area improvements.  Team ownership of work methods and improvement suggestions.  Focus on process improvement.  Most employees seek to continually improve processes, utilizing a problem-solving mindset.\r\n','2021-07-01 14:07:06.510637','2021-07-01 14:25:31.696121',10,13,10),(65,5,'Involved in leadership of plant/site-wide improvement activities.  Team ownership of area work methods and processes.  Positive attitude toward change (ie - aggressively pursuing new ideas/approaches).  A problem solving, process focus drives the effort of the whole company.  Customer focused process improvements.\r\n','2021-07-01 14:07:06.542580','2021-07-01 14:25:31.718093',10,13,10),(66,1,'Does not recognize process waste.  No knowledge of basic ELS tools and systems.  Negative attitude towards Enterprise Lean Sigma.\r\n','2021-07-01 14:07:06.639291','2021-07-01 14:26:05.666379',10,14,10),(67,2,'Able to recognize waste and unstable processes in operations.  Employees beginning to become involved in process improvement activites.\r\n','2021-07-01 14:07:06.680190','2021-07-01 14:26:05.691312',10,14,10),(68,3,'At least 75% of employees participate in a Kaizen event, on a process improvement team, or ELS implementation team.  \r\n','2021-07-01 14:07:06.719078','2021-07-01 14:26:05.726229',10,14,10),(69,4,'Understands value stream mapping, Kaizen, and core components of ELS system:  Standard work and time, Visual Enterprise, Alignment of metrics, EH&S, 5 S.  Proactively seeks to identify waste (ie - beginning to ask “Why?”). \r\n','2021-07-01 14:07:06.751987','2021-07-01 14:26:05.757644',10,14,10),(70,5,'Actively utilizes principles of Enterprise Lean Sigma to identify and implement operational improvements.  All employees participate in at minimum 1 Kaizen event per year.  \r\n','2021-07-01 14:07:06.776921','2021-07-01 14:26:05.789559',10,14,10),(71,1,'Regularly late to work.  Low levels of team discipline.  No work/activities to support area goals or targets.  No sense of teamwork.  \r\n','2021-07-01 14:07:06.889617','2021-07-01 14:26:41.384074',10,15,10),(72,2,'Rarely late to work and have a high level of team discipline.  Not all team members know performance targets.  \r\n','2021-07-01 14:07:06.948461','2021-07-01 14:26:41.408990',10,15,10),(73,3,'Individuals display higher levels of discipline, e.g., adherence to standard procedures.  All team members know performance targets.  \r\n','2021-07-01 14:07:06.990350','2021-07-01 14:26:41.429932',10,15,10),(74,4,'Team as a whole displays highest levels of discipline:  Standard work, 5S, Etc…  Strong display of teamwork.  \r\n','2021-07-01 14:07:07.025273','2021-07-01 14:26:41.453868',10,15,10),(75,5,'Clear understanding of activities required to achieve performance targets.  Rigorously apply structured problem solving techniques to attain goals.  High level of accountability (or ownership).  Continuously improving area operations.   \r\n','2021-07-01 14:07:07.056170','2021-07-01 14:26:41.476817',10,15,10),(76,1,'No processes in place for the line operators to interact with the rest of the organization.  No desire to directly work with support personnel (ie - strong sense of “us” vs “them”).  \r\n','2021-07-01 14:07:07.168893','2021-07-01 14:27:13.855565',10,16,10),(77,2,'Procedures are in place for shop floor operators/team members to receive assistance from support systems, but team members do not fully understand the need for this.  \r\n','2021-07-01 14:07:07.189837','2021-07-01 14:27:13.889468',10,16,10),(78,3,'Operators understand procedures but do not always follow correctly, preferring to work through the supervisor/front line leader.   \r\n','2021-07-01 14:07:07.212749','2021-07-01 14:27:13.932350',10,16,10),(79,4,'Recognize support personnel as a resource to assist in improving operations and proactively seek help.  Processes have been established and are for the most part followed.\r\n','2021-07-01 14:07:07.234690','2021-07-01 14:27:13.959278',10,16,10),(80,5,'Established process signals/procedures are correctly utilized to interact with entire support system at site/plant:  Purchasing, Production Control, Quality control, Finance, Logistics.  \r\n','2021-07-01 14:07:07.266603','2021-07-01 14:27:13.988172',10,16,10);
/*!40000 ALTER TABLE `assessment_app_lshipcategoryratingmaster` ENABLE KEYS */;
UNLOCK TABLES;

--
-- Table structure for table `assessment_app_plantmaster`
--

DROP TABLE IF EXISTS `assessment_app_plantmaster`;
/*!40101 SET @saved_cs_client     = @@character_set_client */;
/*!50503 SET character_set_client = utf8mb4 */;
CREATE TABLE `assessment_app_plantmaster` (
  `id` int(11) NOT NULL AUTO_INCREMENT,
  `plant_name` varchar(100) NOT NULL,
  `primary_contact` varchar(100) NOT NULL,
  `primary_contact_mail` varchar(100) NOT NULL,
  `description` varchar(500) DEFAULT NULL,
  `is_delete` tinyint(1) NOT NULL,
  `added_on` datetime(6) DEFAULT NULL,
  `modified_on` datetime(6) NOT NULL,
  `added_by_id` int(11) DEFAULT NULL,
  `country_id` int(11) DEFAULT NULL,
  `modified_by_id` int(11) DEFAULT NULL,
  `portco_id` int(11) NOT NULL,
  `region_id` int(11) DEFAULT NULL,
  `state_id` int(11) DEFAULT NULL,
  PRIMARY KEY (`id`),
  UNIQUE KEY `assessment_app_plantmaster_plant_name_portco_id_8bcb3000_uniq` (`plant_name`,`portco_id`),
  KEY `assessment_app_plantmaster_added_by_id_7dfaf80b_fk_auth_user_id` (`added_by_id`),
  KEY `assessment_app_plant_country_id_e96df255_fk_assessmen` (`country_id`),
  KEY `assessment_app_plant_modified_by_id_da8a3f38_fk_auth_user` (`modified_by_id`),
  KEY `assessment_app_plant_portco_id_32492233_fk_assessmen` (`portco_id`),
  KEY `assessment_app_plant_region_id_0682b5b1_fk_assessmen` (`region_id`),
  KEY `assessment_app_plant_state_id_e0b1d4aa_fk_assessmen` (`state_id`),
  CONSTRAINT `assessment_app_plant_country_id_e96df255_fk_assessmen` FOREIGN KEY (`country_id`) REFERENCES `assessment_app_regioncountrymapping` (`id`),
  CONSTRAINT `assessment_app_plant_modified_by_id_da8a3f38_fk_auth_user` FOREIGN KEY (`modified_by_id`) REFERENCES `auth_user` (`id`),
  CONSTRAINT `assessment_app_plant_portco_id_32492233_fk_assessmen` FOREIGN KEY (`portco_id`) REFERENCES `assessment_app_porfoliocompanymaster` (`id`),
  CONSTRAINT `assessment_app_plant_region_id_0682b5b1_fk_assessmen` FOREIGN KEY (`region_id`) REFERENCES `assessment_app_globalregionmaster` (`id`),
  CONSTRAINT `assessment_app_plant_state_id_e0b1d4aa_fk_assessmen` FOREIGN KEY (`state_id`) REFERENCES `assessment_app_countrystatemapping` (`id`),
  CONSTRAINT `assessment_app_plantmaster_added_by_id_7dfaf80b_fk_auth_user_id` FOREIGN KEY (`added_by_id`) REFERENCES `auth_user` (`id`)
) ENGINE=InnoDB AUTO_INCREMENT=2 DEFAULT CHARSET=latin1;
/*!40101 SET character_set_client = @saved_cs_client */;

--
-- Dumping data for table `assessment_app_plantmaster`
--

LOCK TABLES `assessment_app_plantmaster` WRITE;
/*!40000 ALTER TABLE `assessment_app_plantmaster` DISABLE KEYS */;
INSERT INTO `assessment_app_plantmaster` VALUES (1,'Plant 1','Tim','tim@plant1.com','Sample Description',0,'2021-06-22 12:46:36.816989','2021-06-22 13:34:14.290487',2,103,2,1,2,1259);
/*!40000 ALTER TABLE `assessment_app_plantmaster` ENABLE KEYS */;
UNLOCK TABLES;

--
-- Table structure for table `assessment_app_porfoliocompanymaster`
--

DROP TABLE IF EXISTS `assessment_app_porfoliocompanymaster`;
/*!40101 SET @saved_cs_client     = @@character_set_client */;
/*!50503 SET character_set_client = utf8mb4 */;
CREATE TABLE `assessment_app_porfoliocompanymaster` (
  `id` int(11) NOT NULL AUTO_INCREMENT,
  `portco_name` varchar(100) NOT NULL,
  `industry` varchar(100) NOT NULL,
  `primary_contact` varchar(100) NOT NULL,
  `primary_contact_mail` varchar(100) NOT NULL,
  `description` varchar(500) DEFAULT NULL,
  `is_delete` tinyint(1) NOT NULL,
  `added_on` datetime(6) DEFAULT NULL,
  `modified_on` datetime(6) NOT NULL,
  `added_by_id` int(11) DEFAULT NULL,
  `hq_country_id` int(11) DEFAULT NULL,
  `hq_region_id` int(11) DEFAULT NULL,
  `hq_state_id` int(11) DEFAULT NULL,
  `modified_by_id` int(11) DEFAULT NULL,
  `is_aquired` tinyint(1) NOT NULL,
  PRIMARY KEY (`id`),
  UNIQUE KEY `portco_name` (`portco_name`),
  KEY `assessment_app_porfo_added_by_id_3adce9fb_fk_auth_user` (`added_by_id`),
  KEY `assessment_app_porfo_hq_country_id_b2d96662_fk_assessmen` (`hq_country_id`),
  KEY `assessment_app_porfo_hq_region_id_b7c57bc2_fk_assessmen` (`hq_region_id`),
  KEY `assessment_app_porfo_hq_state_id_faee4d60_fk_assessmen` (`hq_state_id`),
  KEY `assessment_app_porfo_modified_by_id_73d3344b_fk_auth_user` (`modified_by_id`),
  CONSTRAINT `assessment_app_porfo_added_by_id_3adce9fb_fk_auth_user` FOREIGN KEY (`added_by_id`) REFERENCES `auth_user` (`id`),
  CONSTRAINT `assessment_app_porfo_hq_country_id_b2d96662_fk_assessmen` FOREIGN KEY (`hq_country_id`) REFERENCES `assessment_app_regioncountrymapping` (`id`),
  CONSTRAINT `assessment_app_porfo_hq_region_id_b7c57bc2_fk_assessmen` FOREIGN KEY (`hq_region_id`) REFERENCES `assessment_app_globalregionmaster` (`id`),
  CONSTRAINT `assessment_app_porfo_hq_state_id_faee4d60_fk_assessmen` FOREIGN KEY (`hq_state_id`) REFERENCES `assessment_app_countrystatemapping` (`id`),
  CONSTRAINT `assessment_app_porfo_modified_by_id_73d3344b_fk_auth_user` FOREIGN KEY (`modified_by_id`) REFERENCES `auth_user` (`id`)
) ENGINE=InnoDB AUTO_INCREMENT=3 DEFAULT CHARSET=latin1;
/*!40101 SET character_set_client = @saved_cs_client */;

--
-- Dumping data for table `assessment_app_porfoliocompanymaster`
--

LOCK TABLES `assessment_app_porfoliocompanymaster` WRITE;
/*!40000 ALTER TABLE `assessment_app_porfoliocompanymaster` DISABLE KEYS */;
INSERT INTO `assessment_app_porfoliocompanymaster` VALUES (1,'Portco 1','Private Equity','mark','mark@client9.com','Sample Description',0,'2021-06-22 12:41:08.147389','2021-07-01 16:23:39.186070',2,83,1,1011,2,0),(2,'Portco 2','Automotive Sector','Wayne','wayne@portco2.com','Sample Description',0,'2021-06-22 12:43:37.618559','2021-07-01 16:13:40.170025',2,236,3,3318,2,0);
/*!40000 ALTER TABLE `assessment_app_porfoliocompanymaster` ENABLE KEYS */;
UNLOCK TABLES;

--
-- Table structure for table `assessment_app_regioncountrymapping`
--

DROP TABLE IF EXISTS `assessment_app_regioncountrymapping`;
/*!40101 SET @saved_cs_client     = @@character_set_client */;
/*!50503 SET character_set_client = utf8mb4 */;
CREATE TABLE `assessment_app_regioncountrymapping` (
  `id` int(11) NOT NULL AUTO_INCREMENT,
  `country` varchar(500) NOT NULL,
  `iso` varchar(10) NOT NULL,
  `region_id` int(11) NOT NULL,
  PRIMARY KEY (`id`),
  KEY `assessment_app_regio_region_id_d0763521_fk_assessmen` (`region_id`),
  CONSTRAINT `assessment_app_regio_region_id_d0763521_fk_assessmen` FOREIGN KEY (`region_id`) REFERENCES `assessment_app_globalregionmaster` (`id`)
) ENGINE=InnoDB AUTO_INCREMENT=250 DEFAULT CHARSET=latin1;
/*!40101 SET character_set_client = @saved_cs_client */;

--
-- Dumping data for table `assessment_app_regioncountrymapping`
--

LOCK TABLES `assessment_app_regioncountrymapping` WRITE;
/*!40000 ALTER TABLE `assessment_app_regioncountrymapping` DISABLE KEYS */;
INSERT INTO `assessment_app_regioncountrymapping` VALUES (1,'Afghanistan','AF',1),(2,'Aland Islands','AX',1),(3,'Albania','AL',1),(4,'Algeria','DZ',1),(5,'American Samoa','AS',2),(6,'Andorra','AD',1),(7,'Angola','AO',1),(8,'Anguilla','AI',3),(9,'Antarctica','AQ',2),(10,'Antigua and Barbuda','AG',3),(11,'Argentina','AR',3),(12,'Armenia','AM',1),(13,'Aruba','AW',3),(14,'Australia','AU',2),(15,'Austria','AT',1),(16,'Azerbaijan','AZ',1),(17,'Bahamas','BS',3),(18,'Bahrain','BH',1),(19,'Bangladesh','BD',2),(20,'Barbados','BB',3),(21,'Belarus','BY',1),(22,'Belgium','BE',1),(23,'Belize','BZ',3),(24,'Benin','BJ',1),(25,'Bermuda','BM',3),(26,'Bhutan','BT',2),(27,'Bolivia','BO',3),(28,'Bonaire, Sint Eustatius and Saba','BQ',3),(29,'Bosnia and Herzegovina','BA',1),(30,'Botswana','BW',1),(31,'Bouvet Island','BV',1),(32,'Brazil','BR',3),(33,'British Indian Ocean Territory','IO',2),(34,'Brunei','BN',2),(35,'Bulgaria','BG',1),(36,'Burkina Faso','BF',1),(37,'Burundi','BI',1),(38,'Cambodia','KH',2),(39,'Cameroon','CM',1),(40,'Canada','CA',3),(41,'Cape Verde','CV',1),(42,'Cayman Islands','KY',3),(43,'Central African Republic','CF',1),(44,'Chad','TD',1),(45,'Chile','CL',3),(46,'China','CN',2),(47,'Christmas Island','CX',2),(48,'Cocos (Keeling) Islands','CC',2),(49,'Colombia','CO',3),(50,'Comoros','KM',1),(51,'Congo, Democratic Republic','CD',1),(52,'Congo, Republic of the Congo','CG',1),(53,'Cook Islands','CK',2),(54,'Costa Rica','CR',3),(55,'Cote d Ivoire','CI',1),(56,'Croatia','HR',1),(57,'Cuba','CU',3),(58,'Curacao','CW',3),(59,'Cyprus','CY',1),(60,'Czech Republic','CZ',1),(61,'Denmark','DK',1),(62,'Djibouti','DJ',1),(63,'Dominica','DM',3),(64,'Dominican Republic','DO',3),(65,'Ecuador','EC',3),(66,'Egypt','EG',1),(67,'El Salvador','SV',3),(68,'Equatorial Guinea','GQ',1),(69,'Eritrea','ER',1),(70,'Estonia','EE',1),(71,'Ethiopia','ET',1),(72,'Falkland Islands','FK',1),(73,'Faroe Islands','FO',1),(74,'Fiji','FJ',2),(75,'Finland','FI',1),(76,'France','FR',1),(77,'French Guiana','GF',3),(78,'French Polynesia','PF',2),(79,'French Southern Territories','TF',2),(80,'Gabon','GA',1),(81,'Gambia','GM',1),(82,'Georgia','GE',1),(83,'Germany','DE',1),(84,'Ghana','GH',1),(85,'Gibraltar','GI',1),(86,'Greece','GR',1),(87,'Greenland','GL',1),(88,'Grenada','GD',3),(89,'Guadeloupe','GP',3),(90,'Guam','GU',2),(91,'Guatemala','GT',3),(92,'Guernsey','GG',1),(93,'Guinea','GN',1),(94,'Guinea-Bissau','GW',1),(95,'Guyana','GY',3),(96,'Haiti','HT',3),(97,'Heard Island and McDonald Islands','HM',2),(98,'Vatican City','VA',1),(99,'Honduras','HN',3),(100,'Hong Kong','HK',2),(101,'Hungary','HU',1),(102,'Iceland','IS',1),(103,'India','IN',2),(104,'Indonesia','ID',2),(105,'Iran','IR',1),(106,'Iraq','IQ',1),(107,'Ireland','IE',1),(108,'Isle of Man','IM',1),(109,'Israel','IL',1),(110,'Italy','IT',1),(111,'Jamaica','JM',3),(112,'Japan','JP',2),(113,'Jersey','JE',1),(114,'Jordan','JO',1),(115,'Kazakhstan','KZ',1),(116,'Kenya','KE',1),(117,'Kiribati','KI',2),(118,'North Korea','KV',1),(119,'South Korea','KR',1),(120,'Kuwait','KW',1),(121,'Kyrgyzstan','KG',2),(122,'Laos','LA',2),(123,'Latvia','LV',1),(124,'Lebanon','LB',1),(125,'Lesotho','LS',1),(126,'Liberia','LR',1),(127,'Libya','LY',1),(128,'Liechtenstein','LI',1),(129,'Lithuania','LT',1),(130,'Luxembourg','LU',1),(131,'Macao','MO',2),(132,'Macedonia','MK',1),(133,'Madagascar','MG',1),(134,'Malawi','MW',1),(135,'Malaysia','MY',2),(136,'Maldives','MV',2),(137,'Mali','ML',1),(138,'Malta','MT',1),(139,'Marshall Islands','MH',2),(140,'Martinique','MQ',3),(141,'Mauritania','MR',1),(142,'Mauritius','MU',1),(143,'Mayotte','YT',1),(144,'Mexico','MX',3),(145,'Micronesia','FM',2),(146,'Moldova','MD',1),(147,'Monaco','MC',1),(148,'Mongolia','MN',2),(149,'Montenegro','ME',1),(150,'Montserrat','MS',3),(151,'Morocco','MA',1),(152,'Mozambique','MZ',1),(153,'Myanmar','MM',2),(154,'Namibia','NA',1),(155,'Nauru','NR',2),(156,'Nepal','NP',2),(157,'Netherlands','NL',1),(158,'New Caledonia','NC',2),(159,'New Zealand','NZ',2),(160,'Nicaragua','NI',3),(161,'Niger','NE',1),(162,'Nigeria','NG',1),(163,'Niue','NU',2),(164,'Norfolk Island','NF',2),(165,'Northern Mariana Islands','MP',2),(166,'Norway','NO',1),(167,'Oman','OM',1),(168,'Pakistan','PK',2),(169,'Palau','PW',2),(170,'Palestine','PS',1),(171,'Panama','PA',3),(172,'Papua New Guinea','PG',2),(173,'Paraguay','PY',3),(174,'Peru','PE',3),(175,'Philippines','PH',2),(176,'Pitcairn','PN',2),(177,'Poland','PL',1),(178,'Portugal','PT',1),(179,'Puerto Rico','PR',3),(180,'Qatar','QA',1),(181,'Reunion','RE',1),(182,'Romania','RO',1),(183,'Russia','RU',1),(184,'Rwanda','RW',1),(185,'Saint Barthlemy','BL',3),(186,'Saint Helena','SH',1),(187,'Saint Kitts And Nevis','KN',3),(188,'Saint Lucia','LC',3),(189,'Saint Martin','MF',3),(190,'Saint Pierre and Miquelon','PM',3),(191,'Saint Vincent and The Grenadines','VC',3),(192,'Samoa','WS',2),(193,'San Marino','SM',1),(194,'Sao Tome and Principe','ST',1),(195,'Saudi Arabia','SA',1),(196,'Senegal','SN',1),(197,'Serbia','RS',1),(198,'Seychelles','SC',1),(199,'Sierra Leone','SL',1),(200,'Singapore','SG',2),(201,'Sint Maarten (Dutch part)','SX',3),(202,'Slovakia','SK',1),(203,'Slovenia','SI',1),(204,'Solomon Islands','SB',2),(205,'Somalia','SO',1),(206,'South Africa','ZA',1),(207,'South Georgia and the South Sandwich Islands','GS',1),(208,'South Sudan','SS',2),(209,'Spain','ES',1),(210,'Sri Lanka','LK',2),(211,'Sudan','SD',1),(212,'Suriname','SR',3),(213,'Svalbard','SJ',1),(214,'Swaziland','SZ',1),(215,'Sweden','SE',1),(216,'Switzerland','CH',1),(217,'Syria','SY',1),(218,'Taiwan','TW',2),(219,'Tajikistan','TJ',2),(220,'Tanzania','TZ',1),(221,'Thailand','TH',2),(222,'Timor-Leste','TL',2),(223,'Togo','TG',1),(224,'Tokelau','TK',2),(225,'Tonga','TO',2),(226,'Trinidad and Tobago','TT',3),(227,'Tunisia','TN',1),(228,'Turkey','TR',1),(229,'Turkmenistan','TM',2),(230,'Turks and Caicos Islands','TC',3),(231,'Tuvalu','TV',2),(232,'Uganda','UG',1),(233,'Ukraine','UA',1),(234,'United Arab Emirates','AE',1),(235,'United Kingdom','GB',1),(236,'United States','US',3),(237,'United States Minor Outlying Islands','UM',2),(238,'Uruguay','UY',3),(239,'Uzbekistan','UZ',2),(240,'Vanuatu','VU',2),(241,'Venezuela','VE',3),(242,'Vietnam','VN',2),(243,'Virgin Islands (British)','VG',3),(244,'Virgin Islands (U.S.)','VI',3),(245,'Wallis and Futuna','WF',2),(246,'Western Sahara','EH',1),(247,'Yemen','YE',1),(248,'Zambia','ZM',1),(249,'Zimbabwe','ZW',1);
/*!40000 ALTER TABLE `assessment_app_regioncountrymapping` ENABLE KEYS */;
UNLOCK TABLES;

--
-- Table structure for table `assessment_app_userdetails`
--

DROP TABLE IF EXISTS `assessment_app_userdetails`;
/*!40101 SET @saved_cs_client     = @@character_set_client */;
/*!50503 SET character_set_client = utf8mb4 */;
CREATE TABLE `assessment_app_userdetails` (
  `id` int(11) NOT NULL AUTO_INCREMENT,
  `is_delete` tinyint(1) NOT NULL,
  `is_orc_employee` tinyint(1) NOT NULL,
  `is_confirm` tinyint(1) NOT NULL,
  `designation_title` varchar(100) NOT NULL,
  `added_on` datetime(6) NOT NULL,
  `modified_on` datetime(6) NOT NULL,
  `added_by_id` int(11) DEFAULT NULL,
  `modified_by_id` int(11) DEFAULT NULL,
  `user_id` int(11) DEFAULT NULL,
  `portco_id` int(11) DEFAULT NULL,
  PRIMARY KEY (`id`),
  UNIQUE KEY `user_id` (`user_id`),
  KEY `assessment_app_userdetails_added_by_id_ed0824c4_fk_auth_user_id` (`added_by_id`),
  KEY `assessment_app_userd_modified_by_id_7579e0ac_fk_auth_user` (`modified_by_id`),
  KEY `assessment_app_userd_portco_id_0df50605_fk_assessmen` (`portco_id`),
  CONSTRAINT `assessment_app_userd_modified_by_id_7579e0ac_fk_auth_user` FOREIGN KEY (`modified_by_id`) REFERENCES `auth_user` (`id`),
  CONSTRAINT `assessment_app_userd_portco_id_0df50605_fk_assessmen` FOREIGN KEY (`portco_id`) REFERENCES `assessment_app_porfoliocompanymaster` (`id`),
  CONSTRAINT `assessment_app_userdetails_added_by_id_ed0824c4_fk_auth_user_id` FOREIGN KEY (`added_by_id`) REFERENCES `auth_user` (`id`),
  CONSTRAINT `assessment_app_userdetails_user_id_03afef73_fk_auth_user_id` FOREIGN KEY (`user_id`) REFERENCES `auth_user` (`id`)
) ENGINE=InnoDB AUTO_INCREMENT=15 DEFAULT CHARSET=latin1;
/*!40101 SET character_set_client = @saved_cs_client */;

--
-- Dumping data for table `assessment_app_userdetails`
--

LOCK TABLES `assessment_app_userdetails` WRITE;
/*!40000 ALTER TABLE `assessment_app_userdetails` DISABLE KEYS */;
INSERT INTO `assessment_app_userdetails` VALUES (1,0,1,1,'Analyst','2021-06-18 16:24:40.255718','2021-06-18 16:24:40.789865',NULL,NULL,2,NULL),(9,0,1,1,'Associate','2021-06-18 16:24:40.255718','2021-06-18 16:24:40.789865',NULL,NULL,10,NULL),(10,0,1,1,'Associate','2021-06-18 16:24:40.255718','2021-06-18 16:24:40.789865',NULL,NULL,11,NULL),(11,0,0,0,'AVP','2021-06-18 16:24:40.255718','2021-06-18 16:24:40.789865',NULL,NULL,12,2),(12,0,1,0,'Analyst','2021-06-18 16:52:02.677652','2021-06-18 16:52:02.677652',NULL,NULL,16,NULL),(13,0,1,0,'Associate','2021-06-24 14:09:17.189884','2021-06-24 14:09:17.189884',NULL,NULL,17,NULL),(14,1,1,0,'Associate','2021-07-01 16:02:05.868882','2021-07-01 16:02:05.868882',NULL,NULL,18,NULL);
/*!40000 ALTER TABLE `assessment_app_userdetails` ENABLE KEYS */;
UNLOCK TABLES;

--
-- Table structure for table `auth_group`
--

DROP TABLE IF EXISTS `auth_group`;
/*!40101 SET @saved_cs_client     = @@character_set_client */;
/*!50503 SET character_set_client = utf8mb4 */;
CREATE TABLE `auth_group` (
  `id` int(11) NOT NULL AUTO_INCREMENT,
  `name` varchar(150) NOT NULL,
  PRIMARY KEY (`id`),
  UNIQUE KEY `name` (`name`)
) ENGINE=InnoDB DEFAULT CHARSET=latin1;
/*!40101 SET character_set_client = @saved_cs_client */;

--
-- Dumping data for table `auth_group`
--

LOCK TABLES `auth_group` WRITE;
/*!40000 ALTER TABLE `auth_group` DISABLE KEYS */;
/*!40000 ALTER TABLE `auth_group` ENABLE KEYS */;
UNLOCK TABLES;

--
-- Table structure for table `auth_group_permissions`
--

DROP TABLE IF EXISTS `auth_group_permissions`;
/*!40101 SET @saved_cs_client     = @@character_set_client */;
/*!50503 SET character_set_client = utf8mb4 */;
CREATE TABLE `auth_group_permissions` (
  `id` int(11) NOT NULL AUTO_INCREMENT,
  `group_id` int(11) NOT NULL,
  `permission_id` int(11) NOT NULL,
  PRIMARY KEY (`id`),
  UNIQUE KEY `auth_group_permissions_group_id_permission_id_0cd325b0_uniq` (`group_id`,`permission_id`),
  KEY `auth_group_permissio_permission_id_84c5c92e_fk_auth_perm` (`permission_id`),
  CONSTRAINT `auth_group_permissio_permission_id_84c5c92e_fk_auth_perm` FOREIGN KEY (`permission_id`) REFERENCES `auth_permission` (`id`),
  CONSTRAINT `auth_group_permissions_group_id_b120cbf9_fk_auth_group_id` FOREIGN KEY (`group_id`) REFERENCES `auth_group` (`id`)
) ENGINE=InnoDB DEFAULT CHARSET=latin1;
/*!40101 SET character_set_client = @saved_cs_client */;

--
-- Dumping data for table `auth_group_permissions`
--

LOCK TABLES `auth_group_permissions` WRITE;
/*!40000 ALTER TABLE `auth_group_permissions` DISABLE KEYS */;
/*!40000 ALTER TABLE `auth_group_permissions` ENABLE KEYS */;
UNLOCK TABLES;

--
-- Table structure for table `auth_permission`
--

DROP TABLE IF EXISTS `auth_permission`;
/*!40101 SET @saved_cs_client     = @@character_set_client */;
/*!50503 SET character_set_client = utf8mb4 */;
CREATE TABLE `auth_permission` (
  `id` int(11) NOT NULL AUTO_INCREMENT,
  `name` varchar(255) NOT NULL,
  `content_type_id` int(11) NOT NULL,
  `codename` varchar(100) NOT NULL,
  PRIMARY KEY (`id`),
  UNIQUE KEY `auth_permission_content_type_id_codename_01ab375a_uniq` (`content_type_id`,`codename`),
  CONSTRAINT `auth_permission_content_type_id_2f476e4b_fk_django_co` FOREIGN KEY (`content_type_id`) REFERENCES `django_content_type` (`id`)
) ENGINE=InnoDB AUTO_INCREMENT=89 DEFAULT CHARSET=latin1;
/*!40101 SET character_set_client = @saved_cs_client */;

--
-- Dumping data for table `auth_permission`
--

LOCK TABLES `auth_permission` WRITE;
/*!40000 ALTER TABLE `auth_permission` DISABLE KEYS */;
INSERT INTO `auth_permission` VALUES (1,'Can add log entry',1,'add_logentry'),(2,'Can change log entry',1,'change_logentry'),(3,'Can delete log entry',1,'delete_logentry'),(4,'Can view log entry',1,'view_logentry'),(5,'Can add permission',2,'add_permission'),(6,'Can change permission',2,'change_permission'),(7,'Can delete permission',2,'delete_permission'),(8,'Can view permission',2,'view_permission'),(9,'Can add group',3,'add_group'),(10,'Can change group',3,'change_group'),(11,'Can delete group',3,'delete_group'),(12,'Can view group',3,'view_group'),(13,'Can add user',4,'add_user'),(14,'Can change user',4,'change_user'),(15,'Can delete user',4,'delete_user'),(16,'Can view user',4,'view_user'),(17,'Can add content type',5,'add_contenttype'),(18,'Can change content type',5,'change_contenttype'),(19,'Can delete content type',5,'delete_contenttype'),(20,'Can view content type',5,'view_contenttype'),(21,'Can add session',6,'add_session'),(22,'Can change session',6,'change_session'),(23,'Can delete session',6,'delete_session'),(24,'Can view session',6,'view_session'),(25,'Can add country state mapping',7,'add_countrystatemapping'),(26,'Can change country state mapping',7,'change_countrystatemapping'),(27,'Can delete country state mapping',7,'delete_countrystatemapping'),(28,'Can view country state mapping',7,'view_countrystatemapping'),(29,'Can add els category master',8,'add_elscategorymaster'),(30,'Can change els category master',8,'change_elscategorymaster'),(31,'Can delete els category master',8,'delete_elscategorymaster'),(32,'Can view els category master',8,'view_elscategorymaster'),(33,'Can add four p master',9,'add_fourpmaster'),(34,'Can change four p master',9,'change_fourpmaster'),(35,'Can delete four p master',9,'delete_fourpmaster'),(36,'Can view four p master',9,'view_fourpmaster'),(37,'Can add global region master',10,'add_globalregionmaster'),(38,'Can change global region master',10,'change_globalregionmaster'),(39,'Can delete global region master',10,'delete_globalregionmaster'),(40,'Can view global region master',10,'view_globalregionmaster'),(41,'Can add user details',11,'add_userdetails'),(42,'Can change user details',11,'change_userdetails'),(43,'Can delete user details',11,'delete_userdetails'),(44,'Can view user details',11,'view_userdetails'),(45,'Can add region country mapping',12,'add_regioncountrymapping'),(46,'Can change region country mapping',12,'change_regioncountrymapping'),(47,'Can delete region country mapping',12,'delete_regioncountrymapping'),(48,'Can view region country mapping',12,'view_regioncountrymapping'),(49,'Can add porfolio company master',13,'add_porfoliocompanymaster'),(50,'Can change porfolio company master',13,'change_porfoliocompanymaster'),(51,'Can delete porfolio company master',13,'delete_porfoliocompanymaster'),(52,'Can view porfolio company master',13,'view_porfoliocompanymaster'),(53,'Can add els category rating master',14,'add_elscategoryratingmaster'),(54,'Can change els category rating master',14,'change_elscategoryratingmaster'),(55,'Can delete els category rating master',14,'delete_elscategoryratingmaster'),(56,'Can view els category rating master',14,'view_elscategoryratingmaster'),(57,'Can add plant master',15,'add_plantmaster'),(58,'Can change plant master',15,'change_plantmaster'),(59,'Can delete plant master',15,'delete_plantmaster'),(60,'Can view plant master',15,'view_plantmaster'),(61,'Can add area details',16,'add_areadetails'),(62,'Can change area details',16,'change_areadetails'),(63,'Can delete area details',16,'delete_areadetails'),(64,'Can view area details',16,'view_areadetails'),(65,'Can add els ratings',17,'add_elsratings'),(66,'Can change els ratings',17,'change_elsratings'),(67,'Can delete els ratings',17,'delete_elsratings'),(68,'Can view els ratings',17,'view_elsratings'),(69,'Can add area ratings',18,'add_arearatings'),(70,'Can change area ratings',18,'change_arearatings'),(71,'Can delete area ratings',18,'delete_arearatings'),(72,'Can view area ratings',18,'view_arearatings'),(73,'Can add leadership_ category',19,'add_leadership_category'),(74,'Can change leadership_ category',19,'change_leadership_category'),(75,'Can delete leadership_ category',19,'delete_leadership_category'),(76,'Can view leadership_ category',19,'view_leadership_category'),(77,'Can add leadership_ representation',20,'add_leadership_representation'),(78,'Can change leadership_ representation',20,'change_leadership_representation'),(79,'Can delete leadership_ representation',20,'delete_leadership_representation'),(80,'Can view leadership_ representation',20,'view_leadership_representation'),(81,'Can add lship category rating master',21,'add_lshipcategoryratingmaster'),(82,'Can change lship category rating master',21,'change_lshipcategoryratingmaster'),(83,'Can delete lship category rating master',21,'delete_lshipcategoryratingmaster'),(84,'Can view lship category rating master',21,'view_lshipcategoryratingmaster'),(85,'Can add leadership_ level',22,'add_leadership_level'),(86,'Can change leadership_ level',22,'change_leadership_level'),(87,'Can delete leadership_ level',22,'delete_leadership_level'),(88,'Can view leadership_ level',22,'view_leadership_level');
/*!40000 ALTER TABLE `auth_permission` ENABLE KEYS */;
UNLOCK TABLES;

--
-- Table structure for table `auth_user`
--

DROP TABLE IF EXISTS `auth_user`;
/*!40101 SET @saved_cs_client     = @@character_set_client */;
/*!50503 SET character_set_client = utf8mb4 */;
CREATE TABLE `auth_user` (
  `id` int(11) NOT NULL AUTO_INCREMENT,
  `password` varchar(128) NOT NULL,
  `last_login` datetime(6) DEFAULT NULL,
  `is_superuser` tinyint(1) NOT NULL,
  `username` varchar(150) NOT NULL,
  `first_name` varchar(30) NOT NULL,
  `last_name` varchar(150) NOT NULL,
  `email` varchar(254) NOT NULL,
  `is_staff` tinyint(1) NOT NULL,
  `is_active` tinyint(1) NOT NULL,
  `date_joined` datetime(6) NOT NULL,
  PRIMARY KEY (`id`),
  UNIQUE KEY `username` (`username`)
) ENGINE=InnoDB AUTO_INCREMENT=19 DEFAULT CHARSET=latin1;
/*!40101 SET character_set_client = @saved_cs_client */;

--
-- Dumping data for table `auth_user`
--

LOCK TABLES `auth_user` WRITE;
/*!40000 ALTER TABLE `auth_user` DISABLE KEYS */;
INSERT INTO `auth_user` VALUES (2,'pbkdf2_sha256$180000$MgrcYyN3v25Z$Ks8i8YxEpPgFdE1cY6Xyu1buR7/U8r61iLnZSrgSChQ=','2021-07-01 11:36:15.943315',1,'chirag.rajput@tresvista.com','Chirag','Rajput','chirag.rajput@tresvista.com',0,1,'2021-06-11 08:22:50.729154'),(10,'pbkdf2_sha256$260000$q4Whe4dHXw5Z2Ncl0KUg92$dB2Jv6fZRuR5ityAh7FjzM1Q0aiyC4urzhYdXWeHTPo=','2021-07-01 08:34:08.975735',0,'manikanta.ellenki@tresvista.com','Manikanta','E','manikanta.ellenki@tresvista.com',0,1,'2021-06-14 19:14:28.792935'),(11,'pbkdf2_sha256$180000$1LFuhfgnIkII$I9EmCYbLhIUXKoiSDmarcQyls2fw/NxHLr+aTg2lvbw=','2021-07-01 10:26:15.794633',1,'deb.chaudhury@tresvista.com','Deb','Datta','deb.chaudhury@tresvista.com',0,1,'2021-06-14 19:15:02.888494'),(12,'pbkdf2_sha256$180000$nS3cZJcbhyIM$qNjTzIc1jsDnk+3VD3YSmmubVQsQH1Q7XOEOWcdjv20=',NULL,0,'amar.wattamwar@tresvista.com','Amar','Wattamwar','amar.wattamwar@tresvista.com',0,1,'2021-06-14 19:15:30.659669'),(16,'pbkdf2_sha256$260000$Eod64MWCNF5UJhPW2puceV$NC7pqeTCxD7gJAOnLI5kLkKavAdEN8+N3j/ToMRs1qY=',NULL,0,'test@tresvista.com','Test','Test_Last','test@tresvista.com',0,1,'2021-06-18 11:22:02.464228'),(17,'pbkdf2_sha256$180000$1Fet2CpFdl88$9YnQ9OR3Boy7/CE4OpsXAqzMHkPHWy2g9L+NolFwzwg=',NULL,1,'rahul.joshi@tresvista.com','Rahul','Joshi','rahul.joshi@tresvista.com',0,1,'2021-06-24 08:39:17.020638'),(18,'pbkdf2_sha256$180000$ral0AmFfcX7u$zgEsGKNL7E9mCZZMpha0gnfLldVT/HcW6a/Iu4HI15A=',NULL,0,'debdatta.chaudhury@tresvista.com','Deb','Chaudhury','debdatta.chaudhury@tresvista.com',0,1,'2021-07-01 10:32:05.730946');
/*!40000 ALTER TABLE `auth_user` ENABLE KEYS */;
UNLOCK TABLES;

--
-- Table structure for table `auth_user_groups`
--

DROP TABLE IF EXISTS `auth_user_groups`;
/*!40101 SET @saved_cs_client     = @@character_set_client */;
/*!50503 SET character_set_client = utf8mb4 */;
CREATE TABLE `auth_user_groups` (
  `id` int(11) NOT NULL AUTO_INCREMENT,
  `user_id` int(11) NOT NULL,
  `group_id` int(11) NOT NULL,
  PRIMARY KEY (`id`),
  UNIQUE KEY `auth_user_groups_user_id_group_id_94350c0c_uniq` (`user_id`,`group_id`),
  KEY `auth_user_groups_group_id_97559544_fk_auth_group_id` (`group_id`),
  CONSTRAINT `auth_user_groups_group_id_97559544_fk_auth_group_id` FOREIGN KEY (`group_id`) REFERENCES `auth_group` (`id`),
  CONSTRAINT `auth_user_groups_user_id_6a12ed8b_fk_auth_user_id` FOREIGN KEY (`user_id`) REFERENCES `auth_user` (`id`)
) ENGINE=InnoDB DEFAULT CHARSET=latin1;
/*!40101 SET character_set_client = @saved_cs_client */;

--
-- Dumping data for table `auth_user_groups`
--

LOCK TABLES `auth_user_groups` WRITE;
/*!40000 ALTER TABLE `auth_user_groups` DISABLE KEYS */;
/*!40000 ALTER TABLE `auth_user_groups` ENABLE KEYS */;
UNLOCK TABLES;

--
-- Table structure for table `auth_user_user_permissions`
--

DROP TABLE IF EXISTS `auth_user_user_permissions`;
/*!40101 SET @saved_cs_client     = @@character_set_client */;
/*!50503 SET character_set_client = utf8mb4 */;
CREATE TABLE `auth_user_user_permissions` (
  `id` int(11) NOT NULL AUTO_INCREMENT,
  `user_id` int(11) NOT NULL,
  `permission_id` int(11) NOT NULL,
  PRIMARY KEY (`id`),
  UNIQUE KEY `auth_user_user_permissions_user_id_permission_id_14a6b632_uniq` (`user_id`,`permission_id`),
  KEY `auth_user_user_permi_permission_id_1fbb5f2c_fk_auth_perm` (`permission_id`),
  CONSTRAINT `auth_user_user_permi_permission_id_1fbb5f2c_fk_auth_perm` FOREIGN KEY (`permission_id`) REFERENCES `auth_permission` (`id`),
  CONSTRAINT `auth_user_user_permissions_user_id_a95ead1b_fk_auth_user_id` FOREIGN KEY (`user_id`) REFERENCES `auth_user` (`id`)
) ENGINE=InnoDB DEFAULT CHARSET=latin1;
/*!40101 SET character_set_client = @saved_cs_client */;

--
-- Dumping data for table `auth_user_user_permissions`
--

LOCK TABLES `auth_user_user_permissions` WRITE;
/*!40000 ALTER TABLE `auth_user_user_permissions` DISABLE KEYS */;
/*!40000 ALTER TABLE `auth_user_user_permissions` ENABLE KEYS */;
UNLOCK TABLES;

--
-- Table structure for table `django_admin_log`
--

DROP TABLE IF EXISTS `django_admin_log`;
/*!40101 SET @saved_cs_client     = @@character_set_client */;
/*!50503 SET character_set_client = utf8mb4 */;
CREATE TABLE `django_admin_log` (
  `id` int(11) NOT NULL AUTO_INCREMENT,
  `action_time` datetime(6) NOT NULL,
  `object_id` longtext,
  `object_repr` varchar(200) NOT NULL,
  `action_flag` smallint(5) unsigned NOT NULL,
  `change_message` longtext NOT NULL,
  `content_type_id` int(11) DEFAULT NULL,
  `user_id` int(11) NOT NULL,
  PRIMARY KEY (`id`),
  KEY `django_admin_log_content_type_id_c4bce8eb_fk_django_co` (`content_type_id`),
  KEY `django_admin_log_user_id_c564eba6_fk_auth_user_id` (`user_id`),
  CONSTRAINT `django_admin_log_content_type_id_c4bce8eb_fk_django_co` FOREIGN KEY (`content_type_id`) REFERENCES `django_content_type` (`id`),
  CONSTRAINT `django_admin_log_user_id_c564eba6_fk_auth_user_id` FOREIGN KEY (`user_id`) REFERENCES `auth_user` (`id`)
) ENGINE=InnoDB DEFAULT CHARSET=latin1;
/*!40101 SET character_set_client = @saved_cs_client */;

--
-- Dumping data for table `django_admin_log`
--

LOCK TABLES `django_admin_log` WRITE;
/*!40000 ALTER TABLE `django_admin_log` DISABLE KEYS */;
/*!40000 ALTER TABLE `django_admin_log` ENABLE KEYS */;
UNLOCK TABLES;

--
-- Table structure for table `django_content_type`
--

DROP TABLE IF EXISTS `django_content_type`;
/*!40101 SET @saved_cs_client     = @@character_set_client */;
/*!50503 SET character_set_client = utf8mb4 */;
CREATE TABLE `django_content_type` (
  `id` int(11) NOT NULL AUTO_INCREMENT,
  `app_label` varchar(100) NOT NULL,
  `model` varchar(100) NOT NULL,
  PRIMARY KEY (`id`),
  UNIQUE KEY `django_content_type_app_label_model_76bd3d3b_uniq` (`app_label`,`model`)
) ENGINE=InnoDB AUTO_INCREMENT=23 DEFAULT CHARSET=latin1;
/*!40101 SET character_set_client = @saved_cs_client */;

--
-- Dumping data for table `django_content_type`
--

LOCK TABLES `django_content_type` WRITE;
/*!40000 ALTER TABLE `django_content_type` DISABLE KEYS */;
INSERT INTO `django_content_type` VALUES (1,'admin','logentry'),(16,'assessment_app','areadetails'),(18,'assessment_app','arearatings'),(7,'assessment_app','countrystatemapping'),(8,'assessment_app','elscategorymaster'),(14,'assessment_app','elscategoryratingmaster'),(17,'assessment_app','elsratings'),(9,'assessment_app','fourpmaster'),(10,'assessment_app','globalregionmaster'),(19,'assessment_app','leadership_category'),(22,'assessment_app','leadership_level'),(20,'assessment_app','leadership_representation'),(21,'assessment_app','lshipcategoryratingmaster'),(15,'assessment_app','plantmaster'),(13,'assessment_app','porfoliocompanymaster'),(12,'assessment_app','regioncountrymapping'),(11,'assessment_app','userdetails'),(3,'auth','group'),(2,'auth','permission'),(4,'auth','user'),(5,'contenttypes','contenttype'),(6,'sessions','session');
/*!40000 ALTER TABLE `django_content_type` ENABLE KEYS */;
UNLOCK TABLES;

--
-- Table structure for table `django_migrations`
--

DROP TABLE IF EXISTS `django_migrations`;
/*!40101 SET @saved_cs_client     = @@character_set_client */;
/*!50503 SET character_set_client = utf8mb4 */;
CREATE TABLE `django_migrations` (
  `id` int(11) NOT NULL AUTO_INCREMENT,
  `app` varchar(255) NOT NULL,
  `name` varchar(255) NOT NULL,
  `applied` datetime(6) NOT NULL,
  PRIMARY KEY (`id`)
) ENGINE=InnoDB AUTO_INCREMENT=33 DEFAULT CHARSET=latin1;
/*!40101 SET character_set_client = @saved_cs_client */;

--
-- Dumping data for table `django_migrations`
--

LOCK TABLES `django_migrations` WRITE;
/*!40000 ALTER TABLE `django_migrations` DISABLE KEYS */;
INSERT INTO `django_migrations` VALUES (1,'contenttypes','0001_initial','2021-06-22 06:57:42.603970'),(2,'auth','0001_initial','2021-06-22 06:57:49.524439'),(3,'admin','0001_initial','2021-06-22 06:57:55.603785'),(4,'admin','0002_logentry_remove_auto_add','2021-06-22 06:57:57.854125'),(5,'admin','0003_logentry_add_action_flag_choices','2021-06-22 06:57:58.226687'),(6,'assessment_app','0001_initial','2021-06-22 06:58:08.267648'),(7,'contenttypes','0002_remove_content_type_name','2021-06-22 06:58:14.275295'),(8,'auth','0002_alter_permission_name_max_length','2021-06-22 06:58:14.736210'),(9,'auth','0003_alter_user_email_max_length','2021-06-22 06:58:14.876860'),(10,'auth','0004_alter_user_username_opts','2021-06-22 06:58:15.247871'),(11,'auth','0005_alter_user_last_login_null','2021-06-22 06:58:15.511199'),(12,'auth','0006_require_contenttypes_0002','2021-06-22 06:58:15.607007'),(13,'auth','0007_alter_validators_add_error_messages','2021-06-22 06:58:15.963654'),(14,'auth','0008_alter_user_username_max_length','2021-06-22 06:58:16.102924'),(15,'auth','0009_alter_user_last_name_max_length','2021-06-22 06:58:16.880200'),(16,'auth','0010_alter_group_name_max_length','2021-06-22 06:58:21.156215'),(17,'auth','0011_update_proxy_permissions','2021-06-22 06:58:30.135353'),(18,'sessions','0001_initial','2021-06-22 06:58:31.038560'),(19,'assessment_app','0002_remove_elscategorymaster_state','2021-06-22 18:03:14.686388'),(20,'assessment_app','0003_auto_20210622_2344','2021-06-22 18:14:19.534841'),(21,'assessment_app','0004_auto_20210623_0057','2021-06-22 19:27:31.748939'),(22,'assessment_app','0005_porfoliocompanymaster_is_aquired','2021-06-22 19:58:34.171858'),(23,'assessment_app','0006_userdetails_portco','2021-06-23 17:04:03.753643'),(24,'assessment_app','0007_areadetails','2021-06-23 18:17:38.700969'),(25,'assessment_app','0008_areadetails_is_delete','2021-06-23 18:30:03.559386'),(26,'assessment_app','0009_auto_20210627_2224','2021-06-27 16:54:34.745132'),(27,'assessment_app','0010_elsratings_date_of_assessment_started','2021-06-28 07:04:23.092060'),(28,'assessment_app','0011_auto_20210629_1531','2021-06-29 10:01:30.614769'),(29,'assessment_app','0012_auto_20210629_1534','2021-06-29 10:04:29.744053'),(30,'assessment_app','0013_auto_20210629_1544','2021-06-29 10:14:22.464152'),(31,'assessment_app','0014_arearatings','2021-06-30 09:47:38.237449'),(32,'assessment_app','0015_leadership_category_leadership_level_leadership_representation_lshipcategoryratingmaster','2021-07-01 06:59:38.784701');
/*!40000 ALTER TABLE `django_migrations` ENABLE KEYS */;
UNLOCK TABLES;

--
-- Table structure for table `django_session`
--

DROP TABLE IF EXISTS `django_session`;
/*!40101 SET @saved_cs_client     = @@character_set_client */;
/*!50503 SET character_set_client = utf8mb4 */;
CREATE TABLE `django_session` (
  `session_key` varchar(40) NOT NULL,
  `session_data` longtext NOT NULL,
  `expire_date` datetime(6) NOT NULL,
  PRIMARY KEY (`session_key`),
  KEY `django_session_expire_date_a5c62663` (`expire_date`)
) ENGINE=InnoDB DEFAULT CHARSET=latin1;
/*!40101 SET character_set_client = @saved_cs_client */;

--
-- Dumping data for table `django_session`
--

LOCK TABLES `django_session` WRITE;
/*!40000 ALTER TABLE `django_session` DISABLE KEYS */;
INSERT INTO `django_session` VALUES ('0tdj000mu5e0o6qym5arbhibcf3o7qw5','.eJxVjjkOwjAQRe_iGlmZeA0lPWewxmNnActGiVMh7k6CUoTmF-8v-m_mcK2jW5c4uymwK4OGXc7QIz1j3p3wwDwUTiXXefJ8j_DDXfi9hJhuR_ZvYMRl3No9NtCZgMZKih0EQzqIqIy2BFoI05HqDbWSCARoDSBImk2VstarVm6jQyoek3uVuVLZr55Ywlx_6PMFV8VDgQ:1lyYQV:mIj5MfRGkkgUEiWxiCq6h4hVdv7vG6d_bvZ0Lou_jLM','2021-07-14 11:30:43.946213'),('2k4ozhsfkyf39xmtl6mm242b1jwzc9x6','NGRmYzc3M2Y2MDA5NDc0MGRjZGE0NDU0MTQyZTUxMTAxZDI0ZjIzMTp7Il9hdXRoX3VzZXJfaWQiOiIxMSIsIl9hdXRoX3VzZXJfYmFja2VuZCI6ImRqYW5nby5jb250cmliLmF1dGguYmFja2VuZHMuTW9kZWxCYWNrZW5kIiwiX2F1dGhfdXNlcl9oYXNoIjoiMTExYWYzMWVhNTRiZDE4NTdjYzM3NzdiYzExZjAyZTU5MWYzNGMzNyIsInVzZXJfYWRkIjpudWxsLCJ1c2VyX3VwZGF0ZSI6bnVsbCwicGFzc3dvcmRfcmVzZXQiOm51bGwsInBvcnRjb19hZGQiOm51bGwsInBvcnRjb191cGRhdGUiOm51bGwsImdsb2JhbF9wb3J0Y28iOiIxIiwiZ2xvYmFsX3BsYW50IjoiMSIsImVsc19hZGQiOm51bGwsImVsc191cGRhdGUiOnRydWUsImFyZWFfYXNzZXNzbWVudF9hZGQiOm51bGwsImFyZWFfYXNzZXNzbWVudF91cGRhdGUiOm51bGwsImFyZWFfYWRkIjpudWxsLCJhcmVhX3VwZGF0ZSI6bnVsbH0=','2021-07-15 10:56:47.679351'),('3l70aq3wwyz0z7kn40kbxj1e6k1eipk1','.eJxVjs0OgjAQhN-Fs2nKSlvq0bvP0Gy7q6AESAvxYHx3-TOB48x8OzufzOE4VG5MHF1N2SXLZXbamx7Di9s5oSe2j06Erh1i7cWMiC1N4tYRN9eNPRRUmKrpWoMtrZdKAbIPZ2MVayAgtppAB1nkweQcWLG1WnJxBsum1AXcS6PB6KmUm-SQpint2DSrHHvCgf_O8m9HLPqI9JjSu4vkIiceVvf7AwNSWAI:1lyGJb:GjjliUZvxG9SSwqQpAPX3bzFbrlIEfOK_v_N3faT4SY','2021-07-13 16:10:23.324964'),('5suu71jifcel21lkobqyxq23h7u2stzh','.eJxVjjsOwyAQRO9CHSFjzMcp0-cMaFnwJ0Fg2VBFuXuw7MJpVpo3s6P5EAMlT6ZsfjWzI3fCGnK7Qgv49nF33AvimCimmNfZ0j1CT3ejz-R8eJzZv4IJtql-D9CwXjlQukPfM6dQOu6FkhqZ5Fz1KAaFbYfIOJOSMY6dqlcIra1ou1o6hmQhmCWtGdM-9cICxHwiHzYDri6OJYRDlsVB9gf5_gDHOE89:1lynnb:XxJCiPvaY39ITDRTXA34goILe7InHQmMIFK5xHLGgTw','2021-07-15 03:55:35.180435'),('97mzc9j4esp5k9pppofwgugaqptmllju','.eJxVjs0OgjAQhN-Fs2nKSlvq0bvP0Gy7q6AESAvxYHx3-TOB48x8OzufzOE4VG5MHF1N2SXLZXbamx7Di9s5oSe2j06Erh1i7cWMiC1N4tYRN9eNPRRUmKrpWoMtrZdKAbIPZ2MVayAgtppAB1nkweQcWLG1WnJxBsum1AXcS6PB6KmUm-SQpint2DSrHHvCgf_O8m9HLPqI9JjSu4vkIiceVvf7AwNSWAI:1lxnZg:SSK--tUtv0IOVkSs2kq7DUtqw_XX9USyZVxbCcqw2J4','2021-07-12 09:29:04.653003'),('ebryrizg5k4tbo5lse2hpp4o2yahm3gz','.eJxVjsEOwiAQRP-FsyF0W5bi0bvfQIBdbZVQU8rJ-O-2aQ96nJk3k3kL5-syuFp4diOJs2iUOP2awccn5y2hh8_3ScYpL_MY5IbIIy3yOhGny8H-DQy-DGsbwfY2KK3Bc4itsZoRCIgtEmBUXRNNw5E1W4uKuxYsmx47uPUGweA6yqk4T-uVXFPaZX2RX3h3Pl_OA0L2:1ly9Zp:F3S1ZlJHM4waqnYGVOA8eqi833rqTKsdl_KOyRMLlWk','2021-07-13 08:58:41.756204'),('lbt2m90xubhbq5h81ee2d4ejsk3ejefk','.eJxdkEFuwyAQRe_COrJCMGB32X3PgMYzkzgtggiwuqh699qOm-BskP6bNx_Ej3AwldFNmZO7kngT8igONRwAvzgsE_qEcIkNxlDSdWgWpdmmufmIxP59c3cFI-Rx3j7DUfaWwHYtci_JoiHF2poOpVHK9qjPFk8tolTSGCkVtnY-te66QZ_auZR9dkDzU8Lk_T1ON4LC_2S9rzLWvFdukPN3TOQSZy4PGlPBWK9u5GXZQyg7awV76eLjAN7dC5YPFU-26BuCxFBXrblu-v0DBiuMgw:1lyWJV:6_Atai3UJxuPCNmvF86Fzym4GKnmi_i9ae3fUlEtQbY','2021-07-14 09:15:21.863764'),('na15ltnvpi20mwcbhes7a2hsw08d6j7y','.eJxdjkEOgjAQRe_C2pCWAqUu3XuGZugMojYtaUtcGO8uIBpw-d9_8zPPTMOYej1GCvqK2THjLDtsYQvmTm5u8Abu4nPjXQrXNp-VfG1jfvZI9rS6u4EeYj9d16YUhQTFJTHRlViojqMkMgBGUsdZy4VkWIuqUkJxVigJEoCapi3LpppHBx-S8Rpw-saN1v7IOCAk-kKycevMcS8MFlzazSxgLy2_b5wl_-1AjA8fUAeKlD709Qa5mXRy:1lwf1Q:dxmhCqVNq6R2Y2JFqIZ4_zNsayPWg4WBKNFbp4Z8rsI','2021-07-09 06:09:00.437069'),('nb3wrjagbgdafu4xbxd0s95qs09ptett','.eJxVjjkOwjAQRe_iGlmZeA0lPWewxmNnActGiVMh7k6CUoTmF-8v-m_mcK2jW5c4uymwK4OGXc7QIz1j3p3wwDwUTiXXefJ8j_DDXfi9hJhuR_ZvYMRl3No9NtCZgMZKih0EQzqIqIy2BFoI05HqDbWSCARoDSBImk2VstarVm6jQyoek3uVuVLZr55Ywlx_6PMFV8VDgQ:1lyqS7:eGn1gioigiQIyUnlgXnk8ObRmMgA6O8THiSuiY3RFg8','2021-07-15 06:45:35.998787'),('pse4gvhzrvn59ztljki8hctd6fel115n','.eJxtjktugzAQhu_idYTiGNuQZfc9gzWMJ4HWwsiPVlXVu9cUkJwqm5Hm-x8z38xATqPJkYKZLLsyfmanGg6A7zSvin2D-e4b9HMK09CslmZXY_PqLbmX3ftQMEIcS_oGZ95rC7prkXpuNSorSGrVIVdC6B7lTeOlReSCK8W5wFaXKWXXDfLSltK_OrDllzk7t-95sZCIXVPIdGILxPjpgzWBIqXD6OI4LXVyA0f0n8k4-iB34MXBnOrsBh6z5GJtWddn5RszWMbdh6-nYnX85xfIqpAm:1lyuT5:ONHFyBvDJux6ryQtcM9Quq3zJ9Fx-Sm473W2lja9zOI','2021-07-15 11:02:51.641160'),('r82u7v3x3cs6ha40qxg0lfs531y8hnti','ODRkMmNkYjg5NjU4ODRiZWZjMjQ1NjYwYmIxY2YzYjEwOTI0OTkzNTp7Il9hdXRoX3VzZXJfaWQiOiIyIiwiX2F1dGhfdXNlcl9iYWNrZW5kIjoiZGphbmdvLmNvbnRyaWIuYXV0aC5iYWNrZW5kcy5Nb2RlbEJhY2tlbmQiLCJfYXV0aF91c2VyX2hhc2giOiJmNjAwY2U1ODc3ZDM3ZGJiOTRjNzlhZTNmZDMyZTgzZGIzZTg5NTI4IiwicG9ydGNvX2FkZCI6bnVsbCwicG9ydGNvX3VwZGF0ZSI6bnVsbCwicGxhbnRfYWRkIjpudWxsLCJwbGFudF91cGRhdGUiOm51bGwsImVsc19hZGQiOm51bGwsImVsc191cGRhdGUiOm51bGx9','2021-07-07 06:30:16.354745'),('ymyylny2wy4azb8ikek89cab88o40hfw','.eJxVjjsOwyAQRO9CHSFjzMcp0-cMaFnwJ0Fg2VBFuXuw7MJpVpo3s6P5EAMlT6ZsfjWzI3fCGnK7Qgv49nF33AvimCimmNfZ0j1CT3ejz-R8eJzZv4IJtql-D9CwXjlQukPfM6dQOu6FkhqZ5Fz1KAaFbYfIOJOSMY6dqlcIra1ou1o6hmQhmCWtGdM-9cICxHwiHzYDri6OJYRDlsVB9gf5_gDHOE89:1lyrB7:NI_69WrXquUpGaIdapE3OlfWRSx_WAFP300RtbI1Sec','2021-07-15 07:32:05.095403'),('yrn1zc8b32byfnos8yl17uvmyvibfngy','YjhlMzJiMzJkYThjYzQ5OGM1YWY3MDAzZWU1MjU1ZTY4NGYzZjUzYzp7Il9hdXRoX3VzZXJfaWQiOiIyIiwiX2F1dGhfdXNlcl9iYWNrZW5kIjoiZGphbmdvLmNvbnRyaWIuYXV0aC5iYWNrZW5kcy5Nb2RlbEJhY2tlbmQiLCJfYXV0aF91c2VyX2hhc2giOiJmNjAwY2U1ODc3ZDM3ZGJiOTRjNzlhZTNmZDMyZTgzZGIzZTg5NTI4IiwicG9ydGNvX2FkZCI6bnVsbCwicG9ydGNvX3VwZGF0ZSI6bnVsbCwicGxhbnRfYWRkIjpudWxsLCJwbGFudF91cGRhdGUiOm51bGx9','2021-07-06 07:59:58.537715');
/*!40000 ALTER TABLE `django_session` ENABLE KEYS */;
UNLOCK TABLES;

--
-- Dumping events for database 'onerock_chirag_test_database'
--

--
-- Dumping routines for database 'onerock_chirag_test_database'
--
/*!40103 SET TIME_ZONE=@OLD_TIME_ZONE */;

/*!40101 SET SQL_MODE=@OLD_SQL_MODE */;
/*!40014 SET FOREIGN_KEY_CHECKS=@OLD_FOREIGN_KEY_CHECKS */;
/*!40014 SET UNIQUE_CHECKS=@OLD_UNIQUE_CHECKS */;
/*!40101 SET CHARACTER_SET_CLIENT=@OLD_CHARACTER_SET_CLIENT */;
/*!40101 SET CHARACTER_SET_RESULTS=@OLD_CHARACTER_SET_RESULTS */;
/*!40101 SET COLLATION_CONNECTION=@OLD_COLLATION_CONNECTION */;
/*!40111 SET SQL_NOTES=@OLD_SQL_NOTES */;

-- Dump completed on 2021-07-01 19:49:13
